0 1000.000000 14.000000 38
1 999.000000 14.000000 40
2 998.001038 14.000000 37
3 997.003052 14.000000 43
4 996.006042 14.000000 44
5 995.010071 14.000000 43
6 994.015076 14.000000 35
7 993.021057 14.000000 43
8 992.028076 14.000000 44
9 991.036072 14.000000 48
10 990.045044 14.000000 44
11 989.054993 14.000000 46
12 988.065979 14.000000 46
13 987.077942 14.000000 43
14 986.090881 14.000000 38
15 985.104797 14.000000 40
16 984.119690 14.000000 39
17 983.135559 14.000000 43
18 982.152466 14.000000 40
19 981.170349 14.000000 42
20 980.189209 14.000000 42
21 979.209045 14.000000 41
22 978.229858 14.000000 43
23 977.251648 14.000000 41
24 976.274414 14.000000 44
25 975.298157 14.000000 37
26 974.322876 14.000000 39
27 973.348572 14.000000 39
28 972.375244 14.000000 42
29 971.402893 14.000000 37
30 970.431519 14.000000 41
31 969.461121 14.000000 42
32 968.491699 14.000000 46
33 967.523193 14.000000 46
34 966.555664 14.000000 41
35 965.589111 14.000000 36
36 964.623535 14.000000 37
37 963.658936 14.000000 43
38 962.695312 14.000000 43
39 961.732605 14.000000 40
40 960.770874 14.000000 42
41 959.810120 14.000000 38
42 958.850342 14.000000 50
43 957.891479 14.000000 42
44 956.933594 14.000000 35
45 955.976685 14.000000 41
46 955.020691 14.000000 41
47 954.065674 14.000000 39
48 953.111633 14.000000 39
49 952.158508 14.000000 40
50 951.206360 14.000000 46
51 950.255188 14.000000 41
52 949.304932 14.000000 42
53 948.355652 14.000000 44
54 947.407288 14.000000 44
55 946.459900 14.000000 43
56 945.513428 14.000000 34
57 944.567932 14.000000 47
58 943.623352 14.000000 40
59 942.679749 14.000000 46
60 941.737061 14.000000 46
61 940.795349 14.000000 44
62 939.854553 14.000000 47
63 938.914734 14.000000 39
64 937.975830 14.000000 44
65 937.037842 14.000000 39
66 936.100830 14.000000 49
67 935.164734 14.000000 44
68 934.229553 14.000000 37
69 933.295349 14.000000 43
70 932.362061 14.000000 41
71 931.429688 14.000000 40
72 930.498291 14.000000 37
73 929.567810 14.000000 44
74 928.638245 14.000000 39
75 927.709595 14.000000 40
76 926.781921 14.000000 39
77 925.855164 14.000000 47
78 924.929321 14.000000 41
79 924.004395 14.000000 45
80 923.080383 14.000000 34
81 922.157288 14.000000 40
82 921.235168 14.000000 40
83 920.313965 14.000000 45
84 919.393677 14.000000 42
85 918.474304 14.000000 49
86 917.555847 14.000000 38
87 916.638306 14.000000 37
88 915.721680 14.000000 39
89 914.805969 14.000000 42
90 913.891174 14.000000 41
91 912.977295 14.000000 41
92 912.064331 14.000000 39
93 911.152283 14.000000 42
94 910.241150 14.000000 38
95 909.330933 14.000000 44
96 908.421631 14.000000 35
97 907.513245 14.000000 42
98 906.605713 14.000000 37
99 905.699097 14.000000 44
100 904.793396 14.000000 39
101 903.888611 14.000000 40
102 902.984741 14.000000 35
103 902.081787 14.000000 37
104 901.179688 14.000000 45
105 900.278503 14.000000 46
106 899.378235 14.000000 39
107 898.478882 14.000000 40
108 897.580444 14.000000 42
109 896.682861 14.000000 42
110 895.786194 14.000000 38
111 894.890442 14.000000 41
112 893.995544 14.000000 39
113 893.101562 14.000000 36
114 892.208496 14.000000 40
115 891.316284 14.000000 41
116 890.424988 14.000000 44
117 889.534546 14.000000 36
118 888.645020 14.000000 42
119 887.756409 14.000000 41
120 886.868652 14.000000 44
121 885.981812 14.000000 41
122 885.095825 14.000000 36
123 884.210754 14.000000 37
124 883.326538 14.000000 41
125 882.443237 14.000000 40
126 881.560791 14.000000 45
127 880.679260 14.000000 41
128 879.798584 14.000000 42
129 878.918823 14.000000 37
130 878.039917 14.000000 43
131 877.161865 14.000000 42
132 876.284729 14.000000 40
133 875.408447 14.000000 43
134 874.533020 14.000000 40
135 873.658508 14.000000 44
136 872.784851 14.000000 41
137 871.912048 14.000000 42
138 871.040161 14.000000 45
139 870.169128 14.000000 45
140 869.298950 14.000000 39
141 868.429688 14.000000 45
142 867.561279 14.000000 46
143 866.693726 14.000000 44
144 865.827026 14.000000 45
145 864.961182 14.000000 38
146 864.096252 14.000000 43
147 863.232178 14.000000 37
148 862.368958 14.000000 41
149 861.506592 14.000000 41
150 860.645081 14.000000 45
151 859.784424 14.000000 42
152 858.924622 14.000000 41
153 858.065735 14.000000 44
154 857.207703 14.000000 40
155 856.350525 14.000000 38
156 855.494202 14.000000 36
157 854.638733 14.000000 42
158 853.784119 14.000000 39
159 852.930359 14.000000 46
160 852.077454 14.000000 44
161 851.225403 14.000000 42
162 850.374207 14.000000 45
163 849.523865 14.000000 42
164 848.674377 14.000000 40
165 847.825684 14.000000 43
166 846.977844 14.000000 40
167 846.130859 14.000000 43
168 845.284729 14.000000 40
169 844.439453 14.000000 43
170 843.595032 14.000000 37
171 842.751465 14.000000 40
172 841.908752 14.000000 41
173 841.066833 14.000000 40
174 840.225769 14.000000 43
175 839.385559 14.000000 43
176 838.546204 14.000000 40
177 837.707642 14.000000 46
178 836.869934 14.000000 44
179 836.033081 14.000000 38
180 835.197083 14.000000 39
181 834.361877 14.000000 41
182 833.527527 14.000000 41
183 832.694031 14.000000 38
184 831.861328 14.000000 41
185 831.029480 14.000000 42
186 830.198486 14.000000 42
187 829.368286 14.000000 38
188 828.538940 14.000000 42
189 827.710388 14.000000 41
190 826.882690 14.000000 38
191 826.055847 14.000000 44
192 825.229797 14.000000 42
193 824.404602 14.000000 41
194 823.580200 14.000000 39
195 822.756653 14.000000 43
196 821.933899 14.000000 35
197 821.112000 14.000000 40
198 820.290894 14.000000 36
199 819.470642 12.000000 40
200 818.651184 12.000000 40
201 817.832520 12.000000 44
202 817.014709 12.000000 42
203 816.197693 12.000000 40
204 815.381531 12.000000 41
205 814.566162 12.000000 40
206 813.751587 12.000000 45
207 812.937866 12.000000 32
208 812.124939 12.000000 38
209 811.312805 12.000000 38
210 810.501526 12.000000 48
211 809.691040 12.000000 42
212 808.881348 12.000000 41
213 808.072449 12.000000 32
214 807.264404 12.000000 40
215 806.457153 12.000000 41
216 805.650696 12.000000 40
217 804.845032 12.000000 38
218 804.040222 12.000000 39
219 803.236206 12.000000 39
220 802.432983 12.000000 39
221 801.630554 12.000000 40
222 800.828918 12.000000 44
223 800.028076 12.000000 42
224 799.228088 12.000000 43
225 798.428894 12.000000 42
226 797.630493 12.000000 42
227 796.832886 12.000000 39
228 796.036072 12.000000 40
229 795.240051 12.000000 38
230 794.444824 12.000000 42
231 793.650391 12.000000 39
232 792.856750 12.000000 38
233 792.063904 12.000000 43
234 791.271851 12.000000 47
235 790.480591 12.000000 41
236 789.690125 12.000000 37
237 788.900452 12.000000 41
238 788.111572 12.000000 45
239 787.323486 12.000000 41
240 786.536194 12.000000 35
241 785.749695 12.000000 42
242 784.963928 12.000000 41
243 784.178955 12.000000 42
244 783.394775 12.000000 39
245 782.611389 12.000000 39
246 781.828796 12.000000 37
247 781.046997 12.000000 39
248 780.265930 12.000000 39
249 779.485657 12.000000 42
250 778.706177 12.000000 43
251 777.927490 12.000000 41
252 777.149597 12.000000 42
253 776.372437 12.000000 38
254 775.596069 12.000000 41
255 774.820496 12.000000 37
256 774.045715 12.000000 40
257 773.271667 12.000000 45
258 772.498413 12.000000 44
259 771.725952 12.000000 33
260 770.954224 12.000000 45
261 770.183289 12.000000 36
262 769.413086 12.000000 43
263 768.643677 12.000000 43
264 767.875061 12.000000 43
265 767.107178 12.000000 42
266 766.340088 12.000000 43
267 765.573730 12.000000 42
268 764.808167 12.000000 41
269 764.043396 12.000000 41
270 763.279358 12.000000 46
271 762.516113 12.000000 39
272 761.753601 12.000000 39
273 760.991882 12.000000 44
274 760.230896 12.000000 45
275 759.470703 12.000000 41
276 758.711243 12.000000 43
277 757.952515 12.000000 46
278 757.194580 12.000000 39
279 756.437378 12.000000 42
280 755.680969 12.000000 43
281 754.925293 12.000000 41
282 754.170349 12.000000 40
283 753.416199 12.000000 41
284 752.662781 12.000000 40
285 751.910156 12.000000 39
286 751.158264 12.000000 43
287 750.407104 12.000000 38
288 749.656677 12.000000 39
289 748.907043 12.000000 41
290 748.158142 12.000000 39
291 747.409973 12.000000 41
292 746.662598 12.000000 39
293 745.915955 12.000000 43
294 745.170044 12.000000 44
295 744.424866 12.000000 44
296 743.680481 12.000000 43
297 742.936829 12.000000 36
298 742.193909 12.000000 39
299 741.451721 12.000000 37
300 740.710266 12.000000 36
301 739.969543 12.000000 39
302 739.229553 12.000000 46
303 738.490356 12.000000 31
304 737.751892 12.000000 42
305 737.014160 12.000000 42
306 736.277161 12.000000 41
307 735.540894 12.000000 40
308 734.805359 12.000000 38
309 734.070557 12.000000 41
310 733.336487 12.000000 42
311 732.603149 12.000000 40
312 731.870544 12.000000 38
313 731.138672 12.000000 47
314 730.407532 12.000000 37
315 729.677124 12.000000 38
316 728.947449 12.000000 46
317 728.218506 12.000000 40
318 727.490295 12.000000 36
319 726.762817 12.000000 36
320 726.036072 12.000000 40
321 725.310059 12.000000 45
322 724.584778 12.000000 45
323 723.860229 12.000000 43
324 723.136353 12.000000 39
325 722.413208 12.000000 41
326 721.690796 12.000000 44
327 720.969116 12.000000 38
328 720.248169 12.000000 43
329 719.527954 12.000000 39
330 718.808411 12.000000 40
331 718.089600 12.000000 44
332 717.371521 12.000000 45
333 716.654175 12.000000 47
334 715.937500 12.000000 38
335 715.221558 12.000000 44
336 714.506348 12.000000 49
337 713.791870 12.000000 43
338 713.078064 12.000000 39
339 712.364990 12.000000 45
340 711.652649 12.000000 40
341 710.940979 12.000000 39
342 710.230042 12.000000 36
343 709.519836 12.000000 36
344 708.810303 12.000000 42
345 708.101501 12.000000 38
346 707.393433 12.000000 39
347 706.686035 12.000000 36
348 705.979370 12.000000 39
349 705.273376 12.000000 48
350 704.568115 12.000000 43
351 703.863586 12.000000 42
352 703.159729 12.000000 46
353 702.456604 12.000000 37
354 701.754150 12.000000 45
355 701.052429 12.000000 43
356 700.351379 12.000000 38
357 699.651062 12.000000 42
358 698.951416 12.000000 41
359 698.252502 12.000000 43
360 697.554260 12.000000 38
361 696.856689 12.000000 42
362 696.159851 12.000000 41
363 695.463684 12.000000 45
364 694.768250 12.000000 40
365 694.073486 12.000000 43
366 693.379395 12.000000 37
367 692.686035 12.000000 44
368 691.993347 12.000000 41
369 691.301392 12.000000 39
370 690.610107 12.000000 40
371 689.919495 12.000000 49
372 689.229614 12.000000 35
373 688.540405 12.000000 46
374 687.851868 12.000000 47
375 687.164001 12.000000 44
376 686.476868 12.000000 39
377 685.790405 12.000000 43
378 685.104614 12.000000 41
379 684.419495 12.000000 43
380 683.735107 12.000000 40
381 683.051392 12.000000 40
382 682.368347 12.000000 39
383 681.685974 12.000000 37
384 681.004272 12.000000 41
385 680.323303 12.000000 39
386 679.643005 12.000000 37
387 678.963379 12.000000 37
388 678.284424 12.000000 36
389 677.606140 12.000000 40
390 676.928528 12.000000 40
391 676.251587 12.000000 42
392 675.575317 12.000000 46
393 674.899780 12.000000 41
394 674.224915 12.000000 38
395 673.550720 12.000000 38
396 672.877197 12.000000 41
397 672.204346 12.000000 40
398 671.532166 12.000000 40
399 670.860657 12.000000 41
400 670.189819 12.000000 44
401 669.519653 12.000000 41
402 668.850159 12.000000 38
403 668.181335 12.000000 42
404 667.513184 12.000000 39
405 666.845703 12.000000 39
406 666.178894 12.000000 42
407 665.512695 12.000000 39
408 664.847168 12.000000 41
409 664.182312 12.000000 39
410 663.518127 12.000000 40
411 662.854614 12.000000 41
412 662.191772 12.000000 40
413 661.529602 12.000000 43
414 660.868103 12.000000 36
415 660.207214 12.000000 41
416 659.546997 12.000000 44
417 658.887451 12.000000 38
418 658.228577 12.000000 41
419 657.570374 12.000000 42
420 656.912842 12.000000 38
421 656.255920 12.000000 45
422 655.599670 12.000000 41
423 654.944092 12.000000 44
424 654.289185 12.000000 43
425 653.634888 12.000000 41
426 652.981262 12.000000 36
427 652.328308 12.000000 37
428 651.675964 12.000000 39
429 651.024292 12.000000 45
430 650.373291 12.000000 40
431 649.722900 12.000000 37
432 649.073181 12.000000 46
433 648.424133 12.000000 42
434 647.775696 12.000000 38
435 647.127930 12.000000 39
436 646.480835 12.000000 41
437 645.834351 12.000000 37
438 645.188538 12.000000 44
439 644.543335 12.000000 42
440 643.898804 12.000000 42
441 643.254883 12.000000 40
442 642.611633 12.000000 45
443 641.969055 12.000000 40
444 641.327087 12.000000 40
445 640.685791 12.000000 39
446 640.045105 12.000000 40
447 639.405090 12.000000 39
448 638.765686 12.000000 38
449 638.126953 12.000000 45
450 637.488831 12.000000 41
451 636.851379 12.000000 42
452 636.214539 12.000000 44
453 635.578308 12.000000 40
454 634.942749 12.000000 39
455 634.307800 12.000000 40
456 633.673523 12.000000 46
457 633.039856 12.000000 43
458 632.406799 12.000000 43
459 631.774414 12.000000 37
460 631.142639 12.000000 37
461 630.511475 12.000000 45
462 629.880981 12.000000 34
463 629.251099 12.000000 38
464 628.621826 12.000000 40
465 627.993225 12.000000 41
466 627.365234 12.000000 37
467 626.737854 12.000000 39
468 626.111145 12.000000 43
469 625.485046 12.000000 37
470 624.859558 12.000000 41
471 624.234680 12.000000 47
472 623.610474 12.000000 42
473 622.986877 12.000000 44
474 622.363892 12.000000 47
475 621.741516 12.000000 40
476 621.119812 12.000000 39
477 620.498718 12.000000 41
478 619.878235 12.000000 43
479 619.258362 12.000000 35
480 618.639099 12.000000 40
481 618.020447 12.000000 40
482 617.402405 12.000000 42
483 616.785034 12.000000 38
484 616.168274 12.000000 37
485 615.552124 12.000000 40
486 614.936584 12.000000 42
487 614.321655 12.000000 39
488 613.707336 12.000000 43
489 613.093628 12.000000 43
490 612.480530 12.000000 36
491 611.868042 12.000000 41
492 611.256165 12.000000 43
493 610.644897 12.000000 37
494 610.034241 12.000000 40
495 609.424194 12.000000 44
496 608.814758 12.000000 39
497 608.205933 12.000000 42
498 607.597717 12.000000 40
499 606.990112 12.000000 45
500 606.383118 12.000000 41
501 605.776733 12.000000 37
502 605.170959 12.000000 39
503 604.565796 12.000000 41
504 603.961243 12.000000 37
505 603.357300 12.000000 42
506 602.753967 12.000000 37
507 602.151245 12.000000 37
508 601.549072 12.000000 39
509 600.947510 12.000000 40
510 600.346558 12.000000 38
511 599.746216 12.000000 39
512 599.146484 12.000000 34
513 598.547363 12.000000 42
514 597.948853 12.000000 44
515 597.350891 12.000000 41
516 596.753540 12.000000 44
517 596.156799 12.000000 40
518 595.560669 12.000000 43
519 594.965088 12.000000 44
520 594.370117 12.000000 42
521 593.775757 12.000000 38
522 593.182007 12.000000 44
523 592.588806 12.000000 43
524 591.996216 12.000000 39
525 591.404236 12.000000 41
526 590.812866 12.000000 45
527 590.222046 12.000000 43
528 589.631836 12.000000 39
529 589.042236 12.000000 42
530 588.453186 12.000000 37
531 587.864746 12.000000 40
532 587.276917 12.000000 36
533 586.689636 12.000000 40
534 586.102966 12.000000 33
535 585.516846 12.000000 43
536 584.931335 12.000000 38
537 584.346436 12.000000 42
538 583.762085 12.000000 42
539 583.178345 12.000000 38
540 582.595154 12.000000 40
541 582.012573 12.000000 43
542 581.430542 12.000000 40
543 580.849121 12.000000 38
544 580.268250 12.000000 39
545 579.687988 12.000000 44
546 579.108337 12.000000 40
547 578.529236 12.000000 41
548 577.950684 12.000000 45
549 577.372742 12.000000 43
550 576.795349 12.000000 35
551 576.218567 12.000000 42
552 575.642334 12.000000 43
553 575.066711 12.000000 41
554 574.491638 12.000000 36
555 573.917175 12.000000 41
556 573.343262 12.000000 44
557 572.769897 12.000000 38
558 572.197144 12.000000 42
559 571.624939 12.000000 41
560 571.053345 12.000000 39
561 570.482300 12.000000 42
562 569.911804 12.000000 41
563 569.341919 12.000000 38
564 568.772583 12.000000 46
565 568.203796 12.000000 41
566 567.635620 12.000000 43
567 567.067993 12.000000 43
568 566.500916 12.000000 43
569 565.934448 12.000000 40
570 565.368530 12.000000 39
571 564.803162 12.000000 46
572 564.238342 12.000000 42
573 563.674133 12.000000 44
574 563.110474 12.000000 45
575 562.547363 12.000000 36
576 561.984802 12.000000 45
577 561.422852 12.000000 43
578 560.861450 12.000000 39
579 560.300598 12.000000 38
580 559.740295 12.000000 41
581 559.180542 12.000000 39
582 558.621399 12.000000 40
583 558.062805 12.000000 43
584 557.504761 12.000000 39
585 556.947266 12.000000 38
586 556.390320 12.000000 41
587 555.833923 12.000000 42
588 555.278076 12.000000 39
589 554.722778 12.000000 40
590 554.168091 12.000000 41
591 553.613953 12.000000 38
592 553.060364 12.000000 42
593 552.507324 12.000000 43
594 551.954834 12.000000 44
595 551.402893 12.000000 39
596 550.851501 12.000000 43
597 550.300659 12.000000 33
598 549.750366 12.000000 38
599 549.200623 12.000000 43
600 548.651428 12.000000 36
601 548.102783 12.000000 37
602 547.554688 12.000000 42
603 547.007141 12.000000 42
604 546.460144 12.000000 42
605 545.913696 12.000000 38
606 545.367798 12.000000 42
607 544.822449 12.000000 41
608 544.277649 12.000000 43
609 543.733398 12.000000 40
610 543.189697 12.000000 38
611 542.646484 12.000000 43
612 542.103821 12.000000 39
613 541.561707 12.000000 42
614 541.020142 12.000000 42
615 540.479126 12.000000 39
616 539.938660 12.000000 41
617 539.398743 12.000000 42
618 538.859375 12.000000 40
619 538.320496 12.000000 42
620 537.782166 12.000000 44
621 537.244385 12.000000 36
622 536.707153 12.000000 39
623 536.170471 12.000000 37
624 535.634277 12.000000 44
625 535.098633 12.000000 45
626 534.563538 12.000000 42
627 534.028992 12.000000 42
628 533.494995 12.000000 39
629 532.961487 12.000000 40
630 532.428528 12.000000 45
631 531.896118 12.000000 39
632 531.364258 12.000000 38
633 530.832886 12.000000 38
634 530.302063 12.000000 42
635 529.771790 12.000000 40
636 529.242004 12.000000 39
637 528.712769 12.000000 43
638 528.184082 12.000000 42
639 527.655884 12.000000 41
640 527.128235 12.000000 40
641 526.601135 12.000000 46
642 526.074524 12.000000 41
643 525.548462 12.000000 42
644 525.022949 12.000000 39
645 524.497925 12.000000 41
646 523.973450 12.000000 45
647 523.449463 12.000000 40
648 522.926025 12.000000 37
649 522.403076 12.000000 40
650 521.880676 12.000000 45
651 521.358826 12.000000 43
652 520.837463 12.000000 37
653 520.316650 12.000000 41
654 519.796326 12.000000 41
655 519.276550 12.000000 45
656 518.757263 12.000000 38
657 518.238525 12.000000 40
658 517.720276 12.000000 42
659 517.202576 12.000000 37
660 516.685364 12.000000 39
661 516.168701 12.000000 42
662 515.652527 12.000000 40
663 515.136902 12.000000 39
664 514.621765 12.000000 40
665 514.107178 12.000000 45
666 513.593079 12.000000 43
667 513.079468 12.000000 45
668 512.566406 12.000000 36
669 512.053833 12.000000 40
670 511.541779 12.000000 44
671 511.030243 12.000000 43
672 510.519226 12.000000 41
673 510.008728 12.000000 40
674 509.498718 12.000000 38
675 508.989227 12.000000 32
676 508.480255 12.000000 38
677 507.971771 12.000000 38
678 507.463806 12.000000 39
679 506.956360 12.000000 38
680 506.449402 12.000000 43
681 505.942963 12.000000 36
682 505.437012 12.000000 45
683 504.931580 12.000000 44
684 504.426666 12.000000 39
685 503.922241 12.000000 43
686 503.418335 12.000000 40
687 502.914917 12.000000 39
688 502.412018 12.000000 37
689 501.909607 12.000000 38
690 501.407715 12.000000 47
691 500.906311 12.000000 39
692 500.405426 12.000000 46
693 499.905029 12.000000 43
694 499.405121 12.000000 38
695 498.905731 12.000000 40
696 498.406830 12.000000 42
697 497.908417 12.000000 40
698 497.410522 12.000000 38
699 496.913116 12.000000 43
700 496.416199 12.000000 43
701 495.919800 12.000000 40
702 495.423889 12.000000 45
703 494.928467 12.000000 36
704 494.433533 12.000000 43
705 493.939117 12.000000 40
706 493.445190 12.000000 39
707 492.951752 12.000000 43
708 492.458801 12.000000 41
709 491.966339 12.000000 32
710 491.474365 12.000000 44
711 490.982910 12.000000 42
712 490.491943 12.000000 44
713 490.001465 12.000000 44
714 489.511475 12.000000 36
715 489.021973 12.000000 41
716 488.532959 12.000000 42
717 488.044434 12.000000 43
718 487.556396 12.000000 36
719 487.068848 12.000000 40
720 486.581787 12.000000 39
721 486.095215 12.000000 35
722 485.609131 12.000000 38
723 485.123535 12.000000 38
724 484.638428 12.000000 41
725 484.153809 12.000000 42
726 483.669647 12.000000 38
727 483.185974 12.000000 43
728 482.702789 12.000000 40
729 482.220093 12.000000 40
730 481.737885 12.000000 34
731 481.256165 12.000000 42
732 480.774902 12.000000 44
733 480.294128 12.000000 41
734 479.813843 12.000000 41
735 479.334045 12.000000 42
736 478.854706 12.000000 39
737 478.375854 12.000000 40
738 477.897491 12.000000 39
739 477.419586 12.000000 48
740 476.942169 12.000000 37
741 476.465240 12.000000 47
742 475.988770 12.000000 39
743 475.512787 12.000000 40
744 475.037292 12.000000 42
745 474.562256 12.000000 41
746 474.087708 12.000000 45
747 473.613617 12.000000 42
748 473.140015 12.000000 42
749 472.666870 12.000000 42
750 472.194214 12.000000 37
751 471.722015 12.000000 33
752 471.250305 12.000000 47
753 470.779053 12.000000 40
754 470.308289 12.000000 40
755 469.837982 12.000000 42
756 469.368164 12.000000 41
757 468.898804 12.000000 40
758 468.429901 12.000000 37
759 467.961487 12.000000 42
760 467.493530 12.000000 40
761 467.026031 12.000000 40
762 466.559021 12.000000 45
763 466.092468 12.000000 42
764 465.626373 12.000000 42
765 465.160767 12.000000 43
766 464.695618 12.000000 47
767 464.230927 12.000000 43
768 463.766693 12.000000 33
769 463.302917 12.000000 38
770 462.839630 12.000000 39
771 462.376801 12.000000 45
772 461.914429 12.000000 39
773 461.452515 12.000000 40
774 460.991058 12.000000 39
775 460.530060 12.000000 47
776 460.069550 12.000000 48
777 459.609497 12.000000 36
778 459.149902 12.000000 38
779 458.690765 12.000000 42
780 458.232086 12.000000 41
781 457.773865 12.000000 40
782 457.316101 12.000000 38
783 456.858795 12.000000 47
784 456.401947 12.000000 38
785 455.945557 12.000000 43
786 455.489624 12.000000 42
787 455.034149 12.000000 41
788 454.579132 12.000000 39
789 454.124573 12.000000 32
790 453.670441 12.000000 38
791 453.216766 12.000000 44
792 452.763550 12.000000 41
793 452.310791 12.000000 41
794 451.858490 12.000000 41
795 451.406647 12.000000 38
796 450.955231 12.000000 40
797 450.504272 12.000000 44
798 450.053772 12.000000 41
799 449.603729 12.000000 40
800 449.154144 12.000000 43
801 448.704987 12.000000 41
802 448.256287 12.000000 44
803 447.808044 12.000000 40
804 447.360229 12.000000 35
805 446.912872 12.000000 44
806 446.465973 12.000000 42
807 446.019501 12.000000 38
808 445.573486 12.000000 41
809 445.127930 12.000000 33
810 444.682800 12.000000 40
811 444.238129 12.000000 38
812 443.793884 12.000000 44
813 443.350098 12.000000 42
814 442.906738 12.000000 38
815 442.463837 12.000000 42
816 442.021393 12.000000 42
817 441.579376 12.000000 46
818 441.137817 12.000000 44
819 440.696686 12.000000 46
820 440.255981 12.000000 41
821 439.815735 12.000000 43
822 439.375916 12.000000 49
823 438.936554 12.000000 37
824 438.497620 12.000000 43
825 438.059113 12.000000 39
826 437.621063 12.000000 38
827 437.183441 12.000000 39
828 436.746277 12.000000 42
829 436.309540 12.000000 42
830 435.873230 12.000000 41
831 435.437347 12.000000 45
832 435.001923 12.000000 44
833 434.566925 12.000000 42
834 434.132355 12.000000 42
835 433.698242 12.000000 37
836 433.264557 12.000000 39
837 432.831299 12.000000 38
838 432.398468 12.000000 38
839 431.966064 12.000000 39
840 431.534119 12.000000 41
841 431.102600 12.000000 42
842 430.671509 12.000000 43
843 430.240845 12.000000 37
844 429.810608 12.000000 36
845 429.380798 12.000000 42
846 428.951416 12.000000 41
847 428.522461 12.000000 40
848 428.093933 12.000000 36
849 427.665833 12.000000 40
850 427.238159 12.000000 42
851 426.810913 12.000000 42
852 426.384094 12.000000 37
853 425.957703 12.000000 43
854 425.531738 12.000000 41
855 425.106201 12.000000 40
856 424.681091 12.000000 38
857 424.256409 12.000000 41
858 423.832153 12.000000 41
859 423.408325 12.000000 41
860 422.984924 12.000000 47
861 422.561951 12.000000 46
862 422.139404 12.000000 39
863 421.717285 12.000000 37
864 421.295563 12.000000 41
865 420.874268 12.000000 37
866 420.453400 12.000000 46
867 420.032959 12.000000 41
868 419.612946 12.000000 41
869 419.193329 12.000000 38
870 418.774139 12.000000 43
871 418.355377 12.000000 43
872 417.937042 12.000000 40
873 417.519104 12.000000 36
874 417.101593 12.000000 46
875 416.684509 12.000000 47
876 416.267822 12.000000 42
877 415.851562 12.000000 39
878 415.435730 12.000000 41
879 415.020294 12.000000 45
880 414.605286 12.000000 40
881 414.190674 12.000000 35
882 413.776489 12.000000 38
883 413.362732 12.000000 41
884 412.949371 12.000000 44
885 412.536438 12.000000 41
886 412.123901 12.000000 46
887 411.711792 12.000000 40
888 411.300079 12.000000 43
889 410.888794 12.000000 45
890 410.477905 12.000000 47
891 410.067444 12.000000 35
892 409.657379 12.000000 34
893 409.247742 12.000000 44
894 408.838501 12.000000 43
895 408.429657 12.000000 43
896 408.021240 12.000000 41
897 407.613220 12.000000 45
898 407.205627 12.000000 39
899 406.798431 12.000000 44
900 406.391632 12.000000 45
901 405.985260 12.000000 43
902 405.579285 12.000000 40
903 405.173706 12.000000 48
904 404.768524 12.000000 43
905 404.363770 12.000000 43
906 403.959412 12.000000 38
907 403.555450 12.000000 48
908 403.151886 12.000000 41
909 402.748749 12.000000 39
910 402.346008 12.000000 39
911 401.943665 12.000000 41
912 401.541718 12.000000 38
913 401.140167 12.000000 39
914 400.739044 12.000000 44
915 400.338318 12.000000 42
916 399.937988 12.000000 46
917 399.538055 12.000000 42
918 399.138519 12.000000 40
919 398.739380 12.000000 43
920 398.340637 12.000000 39
921 397.942291 12.000000 42
922 397.544342 12.000000 35
923 397.146790 12.000000 43
924 396.749634 12.000000 43
925 396.352875 12.000000 37
926 395.956512 12.000000 42
927 395.560547 12.000000 47
928 395.164978 12.000000 45
929 394.769806 12.000000 43
930 394.375031 12.000000 40
931 393.980652 12.000000 38
932 393.586670 12.000000 36
933 393.193085 12.000000 41
934 392.799896 12.000000 41
935 392.407104 12.000000 37
936 392.014709 12.000000 42
937 391.622711 12.000000 47
938 391.231079 12.000000 43
939 390.839844 12.000000 37
940 390.449005 12.000000 39
941 390.058563 12.000000 35
942 389.668518 12.000000 43
943 389.278870 12.000000 43
944 388.889587 12.000000 42
945 388.500702 12.000000 34
946 388.112213 12.000000 37
947 387.724121 12.000000 43
948 387.336395 12.000000 49
949 386.949066 12.000000 41
950 386.562134 12.000000 42
951 386.175568 12.000000 39
952 385.789398 12.000000 40
953 385.403625 12.000000 42
954 385.018219 12.000000 39
955 384.633209 12.000000 46
956 384.248596 12.000000 37
957 383.864349 12.000000 44
958 383.480499 12.000000 35
959 383.097015 12.000000 41
960 382.713928 12.000000 35
961 382.331207 12.000000 34
962 381.948883 12.000000 42
963 381.566925 12.000000 43
964 381.185364 12.000000 46
965 380.804169 12.000000 40
966 380.423370 12.000000 40
967 380.042938 12.000000 42
968 379.662903 12.000000 36
969 379.283234 12.000000 40
970 378.903961 12.000000 50
971 378.525055 12.000000 42
972 378.146545 12.000000 42
973 377.768402 12.000000 37
974 377.390625 12.000000 48
975 377.013245 12.000000 39
976 376.636230 12.000000 44
977 376.259613 12.000000 38
978 375.883362 12.000000 45
979 375.507477 12.000000 43
980 375.131989 12.000000 40
981 374.756866 12.000000 38
982 374.382111 12.000000 40
983 374.007721 12.000000 45
984 373.633728 12.000000 37
985 373.260101 12.000000 39
986 372.886841 12.000000 43
987 372.513947 12.000000 38
988 372.141449 12.000000 41
989 371.769318 12.000000 43
990 371.397552 12.000000 30
991 371.026154 12.000000 45
992 370.655121 12.000000 45
993 370.284485 12.000000 40
994 369.914215 12.000000 43
995 369.544312 12.000000 42
996 369.174774 12.000000 39
997 368.805603 12.000000 40
998 368.436798 12.000000 44
999 368.068359 12.000000 47
1000 367.700287 12.000000 41
1001 367.332581 12.000000 41
1002 366.965240 12.000000 46
1003 366.598267 12.000000 42
1004 366.231659 12.000000 39
1005 365.865417 12.000000 37
1006 365.499542 12.000000 38
1007 365.134033 12.000000 46
1008 364.768890 12.000000 39
1009 364.404114 12.000000 41
1010 364.039703 12.000000 36
1011 363.675659 12.000000 46
1012 363.311981 12.000000 40
1013 362.948669 12.000000 36
1014 362.585724 12.000000 37
1015 362.223145 12.000000 44
1016 361.860931 12.000000 47
1017 361.499084 12.000000 44
1018 361.137604 12.000000 41
1019 360.776459 12.000000 39
1020 360.415680 12.000000 37
1021 360.055267 12.000000 44
1022 359.695221 12.000000 37
1023 359.335541 12.000000 40
1024 358.976196 12.000000 41
1025 358.617218 12.000000 48
1026 358.258606 12.000000 40
1027 357.900360 12.000000 42
1028 357.542450 12.000000 44
1029 357.184906 12.000000 41
1030 356.827728 12.000000 35
1031 356.470917 12.000000 40
1032 356.114441 12.000000 36
1033 355.758331 12.000000 44
1034 355.402588 12.000000 40
1035 355.047180 12.000000 40
1036 354.692139 12.000000 39
1037 354.337463 12.000000 38
1038 353.983124 12.000000 39
1039 353.629150 12.000000 41
1040 353.275513 12.000000 41
1041 352.922241 12.000000 41
1042 352.569336 12.000000 42
1043 352.216766 12.000000 37
1044 351.864563 12.000000 41
1045 351.512695 12.000000 40
1046 351.161194 12.000000 49
1047 350.810028 12.000000 43
1048 350.459229 12.000000 40
1049 350.108765 12.000000 41
1050 349.758667 12.000000 41
1051 349.408905 12.000000 40
1052 349.059509 12.000000 47
1053 348.710449 12.000000 39
1054 348.361755 12.000000 38
1055 348.013397 12.000000 43
1056 347.665375 12.000000 39
1057 347.317719 12.000000 37
1058 346.970398 12.000000 45
1059 346.623444 12.000000 39
1060 346.276825 12.000000 40
1061 345.930542 12.000000 38
1062 345.584625 12.000000 47
1063 345.239044 12.000000 39
1064 344.893799 12.000000 39
1065 344.548920 12.000000 43
1066 344.204376 12.000000 37
1067 343.860168 12.000000 41
1068 343.516327 12.000000 37
1069 343.172821 12.000000 42
1070 342.829651 12.000000 37
1071 342.486816 12.000000 46
1072 342.144348 12.000000 39
1073 341.802216 12.000000 39
1074 341.460419 12.000000 38
1075 341.118958 12.000000 38
1076 340.777832 12.000000 43
1077 340.437073 12.000000 42
1078 340.096649 12.000000 39
1079 339.756561 12.000000 46
1080 339.416809 12.000000 37
1081 339.077393 12.000000 44
1082 338.738312 12.000000 39
1083 338.399567 12.000000 43
1084 338.061157 12.000000 40
1085 337.723114 12.000000 34
1086 337.385406 12.000000 40
1087 337.048035 12.000000 41
1088 336.710999 12.000000 38
1089 336.374298 12.000000 41
1090 336.037933 12.000000 46
1091 335.701904 12.000000 44
1092 335.366211 12.000000 39
1093 335.030853 12.000000 35
1094 334.695831 12.000000 42
1095 334.361145 12.000000 41
1096 334.026794 12.000000 43
1097 333.692780 12.000000 47
1098 333.359100 12.000000 36
1099 333.025757 12.000000 39
1100 332.692749 12.000000 48
1101 332.360046 12.000000 41
1102 332.027679 12.000000 48
1103 331.695648 12.000000 42
1104 331.363953 12.000000 44
1105 331.032593 12.000000 40
1106 330.701569 12.000000 39
1107 330.370880 12.000000 37
1108 330.040527 12.000000 39
1109 329.710480 12.000000 40
1110 329.380768 12.000000 41
1111 329.051392 12.000000 46
1112 328.722351 12.000000 40
1113 328.393646 12.000000 39
1114 328.065247 12.000000 37
1115 327.737183 12.000000 41
1116 327.409454 12.000000 38
1117 327.082062 12.000000 39
1118 326.754974 12.000000 42
1119 326.428223 12.000000 46
1120 326.101807 12.000000 44
1121 325.775696 12.000000 39
1122 325.449921 12.000000 39
1123 325.124481 12.000000 43
1124 324.799347 12.000000 39
1125 324.474548 12.000000 39
1126 324.150085 12.000000 40
1127 323.825928 12.000000 43
1128 323.502106 12.000000 40
1129 323.178619 12.000000 44
1130 322.855438 12.000000 38
1131 322.532593 12.000000 41
1132 322.210052 12.000000 44
1133 321.887848 12.000000 43
1134 321.565979 12.000000 44
1135 321.244415 12.000000 37
1136 320.923187 12.000000 42
1137 320.602264 12.000000 41
1138 320.281677 12.000000 44
1139 319.961395 12.000000 45
1140 319.641449 12.000000 36
1141 319.321808 12.000000 44
1142 319.002502 12.000000 42
1143 318.683502 12.000000 42
1144 318.364838 12.000000 39
1145 318.046478 12.000000 42
1146 317.728424 12.000000 40
1147 317.410706 12.000000 41
1148 317.093292 12.000000 43
1149 316.776215 12.000000 41
1150 316.459442 12.000000 45
1151 316.142975 12.000000 38
1152 315.826843 12.000000 40
1153 315.511017 12.000000 41
1154 315.195496 12.000000 42
1155 314.880310 12.000000 38
1156 314.565430 12.000000 41
1157 314.250854 12.000000 43
1158 313.936615 12.000000 36
1159 313.622681 12.000000 45
1160 313.309052 12.000000 41
1161 312.995758 12.000000 38
1162 312.682770 12.000000 45
1163 312.370087 12.000000 37
1164 312.057709 12.000000 39
1165 311.745667 12.000000 42
1166 311.433929 12.000000 43
1167 311.122498 12.000000 38
1168 310.811371 12.000000 44
1169 310.500549 12.000000 37
1170 310.190063 12.000000 44
1171 309.879883 12.000000 41
1172 309.570007 12.000000 40
1173 309.260437 12.000000 39
1174 308.951172 12.000000 42
1175 308.642212 12.000000 45
1176 308.333588 12.000000 42
1177 308.025269 12.000000 41
1178 307.717255 12.000000 40
1179 307.409546 12.000000 42
1180 307.102142 12.000000 38
1181 306.795044 12.000000 37
1182 306.488251 12.000000 38
1183 306.181763 12.000000 44
1184 305.875580 12.000000 43
1185 305.569702 12.000000 42
1186 305.264130 12.000000 43
1187 304.958862 12.000000 37
1188 304.653900 12.000000 45
1189 304.349243 12.000000 42
1190 304.044891 12.000000 47
1191 303.740845 12.000000 38
1192 303.437103 12.000000 39
1193 303.133667 12.000000 42
1194 302.830536 12.000000 39
1195 302.527710 12.000000 43
1196 302.225189 12.000000 50
1197 301.922974 12.000000 44
1198 301.621063 12.000000 40
1199 301.319458 12.000000 39
1200 301.018127 12.000000 41
1201 300.717102 12.000000 33
1202 300.416382 12.000000 41
1203 300.115967 12.000000 42
1204 299.815857 12.000000 42
1205 299.516052 12.000000 37
1206 299.216553 12.000000 44
1207 298.917328 12.000000 40
1208 298.618408 12.000000 39
1209 298.319794 12.000000 42
1210 298.021484 12.000000 40
1211 297.723480 12.000000 39
1212 297.425751 12.000000 43
1213 297.128326 12.000000 38
1214 296.831207 12.000000 38
1215 296.534393 12.000000 40
1216 296.237854 12.000000 46
1217 295.941620 12.000000 42
1218 295.645691 12.000000 40
1219 295.350037 12.000000 35
1220 295.054688 12.000000 44
1221 294.759644 12.000000 40
1222 294.464874 12.000000 39
1223 294.170410 12.000000 38
1224 293.876251 12.000000 42
1225 293.582367 12.000000 37
1226 293.288788 12.000000 42
1227 292.995514 12.000000 39
1228 292.702515 12.000000 43
1229 292.409821 12.000000 42
1230 292.117401 12.000000 40
1231 291.825287 12.000000 39
1232 291.533478 12.000000 40
1233 291.241943 12.000000 45
1234 290.950714 12.000000 43
1235 290.659760 12.000000 41
1236 290.369110 12.000000 43
1237 290.078735 12.000000 38
1238 289.788666 12.000000 37
1239 289.498871 12.000000 38
1240 289.209381 12.000000 46
1241 288.920166 12.000000 37
1242 288.631256 12.000000 38
1243 288.342621 12.000000 41
1244 288.054291 12.000000 41
1245 287.766235 12.000000 41
1246 287.478485 12.000000 46
1247 287.191010 12.000000 43
1248 286.903809 12.000000 44
1249 286.616913 12.000000 37
1250 286.330292 12.000000 42
1251 286.043976 12.000000 44
1252 285.757935 12.000000 38
1253 285.472168 12.000000 44
1254 285.186707 12.000000 38
1255 284.901520 12.000000 40
1256 284.616608 12.000000 37
1257 284.332001 12.000000 44
1258 284.047668 12.000000 46
1259 283.763611 12.000000 38
1260 283.479858 12.000000 36
1261 283.196381 12.000000 40
1262 282.913177 12.000000 44
1263 282.630280 12.000000 39
1264 282.347656 12.000000 40
1265 282.065308 12.000000 42
1266 281.783234 12.000000 42
1267 281.501465 12.000000 39
1268 281.219971 12.000000 41
1269 280.938751 12.000000 36
1270 280.657806 12.000000 45
1271 280.377167 12.000000 42
1272 280.096802 12.000000 44
1273 279.816711 12.000000 44
1274 279.536896 12.000000 36
1275 279.257355 12.000000 46
1276 278.978088 12.000000 44
1277 278.699127 12.000000 42
1278 278.420441 12.000000 41
1279 278.142029 12.000000 44
1280 277.863892 12.000000 40
1281 277.586029 12.000000 40
1282 277.308441 12.000000 40
1283 277.031128 12.000000 44
1284 276.754089 12.000000 35
1285 276.477325 12.000000 33
1286 276.200867 12.000000 37
1287 275.924683 12.000000 39
1288 275.648773 12.000000 38
1289 275.373138 12.000000 41
1290 275.097778 12.000000 40
1291 274.822693 12.000000 40
1292 274.547882 12.000000 36
1293 274.273346 12.000000 44
1294 273.999084 12.000000 39
1295 273.725098 12.000000 42
1296 273.451385 12.000000 38
1297 273.177948 12.000000 40
1298 272.904785 12.000000 42
1299 272.631897 12.000000 43
1300 272.359283 12.000000 40
1301 272.086914 12.000000 42
1302 271.814819 12.000000 38
1303 271.542999 12.000000 36
1304 271.271454 12.000000 39
1305 271.000183 12.000000 40
1306 270.729187 12.000000 43
1307 270.458466 12.000000 43
1308 270.188019 12.000000 35
1309 269.917847 12.000000 38
1310 269.647919 12.000000 40
1311 269.378265 12.000000 38
1312 269.108887 12.000000 39
1313 268.839783 12.000000 39
1314 268.570953 12.000000 40
1315 268.302399 12.000000 40
1316 268.034088 12.000000 43
1317 267.766052 12.000000 39
1318 267.498291 12.000000 44
1319 267.230804 12.000000 31
1320 266.963562 12.000000 41
1321 266.696594 12.000000 34
1322 266.429901 12.000000 43
1323 266.163483 12.000000 43
1324 265.897308 12.000000 42
1325 265.631409 12.000000 40
1326 265.365784 12.000000 46
1327 265.100433 12.000000 38
1328 264.835327 12.000000 39
1329 264.570496 12.000000 49
1330 264.305939 12.000000 36
1331 264.041626 12.000000 47
1332 263.777588 12.000000 42
1333 263.513824 12.000000 45
1334 263.250305 12.000000 38
1335 262.987061 12.000000 42
1336 262.724091 12.000000 42
1337 262.461365 12.000000 40
1338 262.198914 12.000000 40
1339 261.936707 12.000000 44
1340 261.674774 12.000000 41
1341 261.413116 12.000000 38
1342 261.151703 12.000000 45
1343 260.890564 12.000000 44
1344 260.629669 12.000000 43
1345 260.369049 12.000000 41
1346 260.108673 12.000000 40
1347 259.848572 12.000000 42
1348 259.588715 12.000000 31
1349 259.329132 12.000000 44
1350 259.069794 12.000000 37
1351 258.810730 12.000000 36
1352 258.551910 12.000000 39
1353 258.293365 12.000000 43
1354 258.035065 12.000000 43
1355 257.777039 12.000000 40
1356 257.519257 12.000000 34
1357 257.261749 12.000000 37
1358 257.004486 12.000000 46
1359 256.747498 12.000000 37
1360 256.490753 12.000000 36
1361 256.234253 12.000000 39
1362 255.978027 12.000000 40
1363 255.722046 12.000000 37
1364 255.466324 12.000000 39
1365 255.210861 12.000000 41
1366 254.955658 12.000000 43
1367 254.700699 12.000000 48
1368 254.445999 12.000000 40
1369 254.191559 12.000000 35
1370 253.937378 12.000000 41
1371 253.683441 12.000000 35
1372 253.429764 12.000000 37
1373 253.176331 12.000000 44
1374 252.923157 12.000000 40
1375 252.670242 12.000000 39
1376 252.417572 12.000000 39
1377 252.165161 12.000000 40
1378 251.912994 12.000000 38
1379 251.661087 12.000000 42
1380 251.409424 12.000000 42
1381 251.158020 12.000000 38
1382 250.906860 12.000000 41
1383 250.655960 12.000000 38
1384 250.405304 12.000000 37
1385 250.154907 12.000000 37
1386 249.904755 12.000000 38
1387 249.654846 12.000000 41
1388 249.405197 12.000000 42
1389 249.155792 12.000000 40
1390 248.906647 12.000000 42
1391 248.657745 12.000000 42
1392 248.409088 12.000000 40
1393 248.160675 12.000000 42
1394 247.912521 12.000000 39
1395 247.664612 12.000000 40
1396 247.416946 12.000000 43
1397 247.169525 12.000000 40
1398 246.922363 12.000000 43
1399 246.675446 12.000000 42
1400 246.428772 12.000000 37
1401 246.182343 12.000000 45
1402 245.936157 12.000000 37
1403 245.690231 12.000000 47
1404 245.444550 12.000000 43
1405 245.199112 12.000000 42
1406 244.953918 12.000000 38
1407 244.708969 12.000000 39
1408 244.464264 12.000000 44
1409 244.219803 12.000000 38
1410 243.975586 12.000000 47
1411 243.731613 12.000000 34
1412 243.487885 12.000000 40
1413 243.244400 12.000000 40
1414 243.001160 12.000000 37
1415 242.758163 12.000000 43
1416 242.515411 12.000000 44
1417 242.272903 12.000000 44
1418 242.030640 12.000000 35
1419 241.788605 12.000000 39
1420 241.546814 12.000000 48
1421 241.305267 12.000000 39
1422 241.063965 12.000000 43
1423 240.822906 12.000000 41
1424 240.582092 12.000000 33
1425 240.341507 12.000000 46
1426 240.101166 12.000000 46
1427 239.861069 12.000000 41
1428 239.621216 12.000000 36
1429 239.381592 12.000000 42
1430 239.142212 12.000000 40
1431 238.903076 12.000000 37
1432 238.664169 12.000000 39
1433 238.425507 12.000000 43
1434 238.187088 12.000000 39
1435 237.948898 12.000000 43
1436 237.710953 12.000000 40
1437 237.473251 12.000000 38
1438 237.235779 12.000000 44
1439 236.998550 12.000000 41
1440 236.761551 12.000000 40
1441 236.524796 12.000000 40
1442 236.288269 12.000000 40
1443 236.051987 12.000000 35
1444 235.815933 12.000000 45
1445 235.580124 12.000000 41
1446 235.344543 12.000000 31
1447 235.109207 12.000000 45
1448 234.874100 12.000000 43
1449 234.639221 12.000000 39
1450 234.404587 12.000000 45
1451 234.170181 12.000000 44
1452 233.936020 12.000000 36
1453 233.702087 12.000000 43
1454 233.468384 12.000000 36
1455 233.234924 12.000000 41
1456 233.001694 12.000000 44
1457 232.768692 12.000000 34
1458 232.535919 12.000000 41
1459 232.303391 12.000000 40
1460 232.071091 12.000000 44
1461 231.839020 12.000000 43
1462 231.607178 12.000000 43
1463 231.375580 12.000000 34
1464 231.144211 12.000000 41
1465 230.913071 12.000000 42
1466 230.682159 12.000000 41
1467 230.451477 12.000000 42
1468 230.221024 12.000000 39
1469 229.990799 12.000000 44
1470 229.760818 12.000000 44
1471 229.531067 12.000000 44
1472 229.301544 12.000000 40
1473 229.072250 12.000000 40
1474 228.843185 12.000000 38
1475 228.614349 12.000000 37
1476 228.385742 12.000000 42
1477 228.157364 12.000000 38
1478 227.929214 12.000000 40
1479 227.701294 12.000000 45
1480 227.473602 12.000000 43
1481 227.246124 12.000000 35
1482 227.018875 12.000000 44
1483 226.791855 12.000000 41
1484 226.565063 12.000000 42
1485 226.338501 12.000000 31
1486 226.112167 12.000000 41
1487 225.886063 12.000000 38
1488 225.660187 12.000000 40
1489 225.434525 12.000000 40
1490 225.209091 12.000000 38
1491 224.983887 12.000000 41
1492 224.758911 12.000000 40
1493 224.534149 12.000000 46
1494 224.309616 12.000000 36
1495 224.085312 12.000000 40
1496 223.861237 12.000000 43
1497 223.637375 12.000000 42
1498 223.413742 12.000000 42
1499 223.190338 12.000000 43
1500 222.967148 12.000000 38
1501 222.744186 12.000000 40
1502 222.521439 12.000000 40
1503 222.298920 12.000000 41
1504 222.076630 12.000000 35
1505 221.854553 12.000000 36
1506 221.632706 12.000000 39
1507 221.411072 12.000000 43
1508 221.189667 12.000000 37
1509 220.968475 12.000000 43
1510 220.747513 12.000000 43
1511 220.526764 12.000000 38
1512 220.306244 12.000000 41
1513 220.085938 12.000000 37
1514 219.865860 12.000000 37
1515 219.645996 12.000000 44
1516 219.426346 12.000000 45
1517 219.206924 12.000000 37
1518 218.987717 12.000000 42
1519 218.768738 12.000000 41
1520 218.549973 12.000000 44
1521 218.331421 12.000000 39
1522 218.113098 12.000000 42
1523 217.894989 12.000000 44
1524 217.677094 12.000000 44
1525 217.459412 12.000000 41
1526 217.241959 12.000000 37
1527 217.024719 12.000000 38
1528 216.807693 12.000000 43
1529 216.590881 12.000000 39
1530 216.374298 12.000000 38
1531 216.157928 12.000000 39
1532 215.941772 12.000000 41
1533 215.725830 12.000000 43
1534 215.510101 12.000000 38
1535 215.294601 12.000000 41
1536 215.079315 12.000000 44
1537 214.864243 12.000000 43
1538 214.649384 12.000000 36
1539 214.434738 12.000000 45
1540 214.220306 12.000000 44
1541 214.006088 12.000000 42
1542 213.792084 12.000000 46
1543 213.578293 12.000000 43
1544 213.364716 12.000000 42
1545 213.151352 12.000000 48
1546 212.938202 12.000000 39
1547 212.725266 12.000000 38
1548 212.512543 12.000000 47
1549 212.300034 12.000000 40
1550 212.087738 12.000000 38
1551 211.875656 12.000000 41
1552 211.663788 12.000000 46
1553 211.452133 12.000000 44
1554 211.240677 12.000000 42
1555 211.029434 12.000000 40
1556 210.818405 12.000000 38
1557 210.607590 12.000000 42
1558 210.396988 12.000000 39
1559 210.186600 12.000000 40
1560 209.976410 12.000000 44
1561 209.766434 12.000000 42
1562 209.556671 12.000000 41
1563 209.347122 12.000000 43
1564 209.137772 12.000000 47
1565 208.928635 12.000000 38
1566 208.719711 12.000000 37
1567 208.511002 12.000000 45
1568 208.302490 12.000000 38
1569 208.094193 12.000000 40
1570 207.886108 12.000000 38
1571 207.678223 12.000000 38
1572 207.470551 12.000000 47
1573 207.263077 12.000000 40
1574 207.055817 12.000000 45
1575 206.848770 12.000000 38
1576 206.641922 12.000000 40
1577 206.435287 12.000000 43
1578 206.228851 12.000000 41
1579 206.022629 12.000000 37
1580 205.816605 12.000000 41
1581 205.610794 12.000000 36
1582 205.405182 12.000000 42
1583 205.199783 12.000000 38
1584 204.994583 12.000000 40
1585 204.789597 12.000000 38
1586 204.584808 12.000000 42
1587 204.380234 12.000000 39
1588 204.175858 12.000000 35
1589 203.971680 12.000000 40
1590 203.767715 12.000000 46
1591 203.563950 12.000000 40
1592 203.360382 12.000000 44
1593 203.157028 12.000000 42
1594 202.953873 12.000000 45
1595 202.750916 12.000000 40
1596 202.548172 12.000000 40
1597 202.345627 12.000000 36
1598 202.143280 12.000000 46
1599 201.941147 12.000000 42
1600 201.739212 12.000000 41
1601 201.537476 12.000000 47
1602 201.335938 12.000000 38
1603 201.134598 12.000000 40
1604 200.933472 12.000000 37
1605 200.732544 12.000000 40
1606 200.531815 12.000000 38
1607 200.331284 12.000000 44
1608 200.130951 12.000000 38
1609 199.930817 12.000000 42
1610 199.730896 12.000000 42
1611 199.531174 12.000000 40
1612 199.331650 12.000000 41
1613 199.132324 12.000000 39
1614 198.933197 12.000000 39
1615 198.734268 12.000000 37
1616 198.535538 12.000000 38
1617 198.337006 12.000000 42
1618 198.138672 12.000000 40
1619 197.940536 12.000000 46
1620 197.742599 12.000000 43
1621 197.544861 12.000000 41
1622 197.347321 12.000000 41
1623 197.149979 12.000000 38
1624 196.952835 12.000000 38
1625 196.755890 12.000000 39
1626 196.559143 12.000000 38
1627 196.362579 12.000000 43
1628 196.166214 12.000000 40
1629 195.970047 12.000000 46
1630 195.774078 12.000000 36
1631 195.578308 12.000000 45
1632 195.382736 12.000000 44
1633 195.187363 12.000000 40
1634 194.992172 12.000000 46
1635 194.797180 12.000000 36
1636 194.602386 12.000000 37
1637 194.407791 12.000000 42
1638 194.213379 12.000000 39
1639 194.019165 12.000000 39
1640 193.825150 12.000000 42
1641 193.631332 12.000000 47
1642 193.437698 12.000000 41
1643 193.244263 12.000000 38
1644 193.051025 12.000000 34
1645 192.857971 12.000000 38
1646 192.665115 12.000000 42
1647 192.472458 12.000000 42
1648 192.279984 12.000000 38
1649 192.087708 12.000000 40
1650 191.895630 12.000000 39
1651 191.703735 12.000000 41
1652 191.512039 12.000000 40
1653 191.320526 12.000000 40
1654 191.129211 12.000000 37
1655 190.938080 12.000000 37
1656 190.747147 12.000000 43
1657 190.556396 12.000000 37
1658 190.365845 12.000000 45
1659 190.175476 12.000000 41
1660 189.985306 12.000000 39
1661 189.795319 12.000000 38
1662 189.605530 12.000000 39
1663 189.415924 12.000000 43
1664 189.226517 12.000000 39
1665 189.037292 12.000000 43
1666 188.848251 12.000000 37
1667 188.659409 12.000000 42
1668 188.470749 12.000000 45
1669 188.282288 12.000000 43
1670 188.094009 12.000000 41
1671 187.905914 12.000000 40
1672 187.718018 12.000000 42
1673 187.530304 12.000000 40
1674 187.342773 12.000000 40
1675 187.155426 12.000000 36
1676 186.968277 12.000000 36
1677 186.781311 12.000000 44
1678 186.594528 12.000000 33
1679 186.407928 12.000000 41
1680 186.221527 12.000000 47
1681 186.035309 12.000000 41
1682 185.849274 12.000000 44
1683 185.663422 12.000000 40
1684 185.477768 12.000000 45
1685 185.292297 12.000000 39
1686 185.107010 12.000000 39
1687 184.921906 12.000000 40
1688 184.736984 12.000000 39
1689 184.552246 12.000000 36
1690 184.367691 12.000000 40
1691 184.183319 12.000000 41
1692 183.999146 12.000000 35
1693 183.815155 12.000000 42
1694 183.631348 12.000000 38
1695 183.447723 12.000000 44
1696 183.264282 12.000000 37
1697 183.081024 12.000000 42
1698 182.897949 12.000000 39
1699 182.715057 12.000000 41
1700 182.532349 12.000000 45
1701 182.349823 12.000000 35
1702 182.167480 12.000000 45
1703 181.985321 12.000000 37
1704 181.803345 12.000000 36
1705 181.621536 12.000000 41
1706 181.439911 12.000000 40
1707 181.258469 12.000000 39
1708 181.077209 12.000000 44
1709 180.896133 12.000000 37
1710 180.715240 12.000000 43
1711 180.534531 12.000000 38
1712 180.354004 12.000000 37
1713 180.173645 12.000000 39
1714 179.993469 12.000000 41
1715 179.813477 12.000000 37
1716 179.633667 12.000000 44
1717 179.454041 12.000000 36
1718 179.274582 12.000000 40
1719 179.095306 12.000000 38
1720 178.916214 12.000000 37
1721 178.737305 12.000000 38
1722 178.558563 12.000000 39
1723 178.380005 12.000000 41
1724 178.201630 12.000000 39
1725 178.023438 12.000000 41
1726 177.845413 12.000000 41
1727 177.667572 12.000000 33
1728 177.489914 12.000000 42
1729 177.312424 12.000000 40
1730 177.135117 12.000000 35
1731 176.957977 12.000000 45
1732 176.781021 12.000000 40
1733 176.604248 12.000000 42
1734 176.427643 12.000000 39
1735 176.251221 12.000000 40
1736 176.074966 12.000000 36
1737 175.898895 12.000000 40
1738 175.722992 12.000000 41
1739 175.547272 12.000000 37
1740 175.371719 12.000000 41
1741 175.196350 12.000000 38
1742 175.021149 12.000000 42
1743 174.846130 12.000000 41
1744 174.671280 12.000000 39
1745 174.496613 12.000000 39
1746 174.322113 12.000000 40
1747 174.147797 12.000000 42
1748 173.973648 12.000000 40
1749 173.799683 12.000000 40
1750 173.625885 12.000000 40
1751 173.452255 12.000000 37
1752 173.278809 12.000000 36
1753 173.105530 12.000000 37
1754 172.932434 12.000000 37
1755 172.759506 12.000000 40
1756 172.586746 12.000000 44
1757 172.414169 12.000000 44
1758 172.241760 12.000000 36
1759 172.069519 12.000000 40
1760 171.897446 12.000000 38
1761 171.725555 12.000000 42
1762 171.553833 12.000000 38
1763 171.382278 12.000000 36
1764 171.210892 12.000000 36
1765 171.039688 12.000000 37
1766 170.868652 12.000000 47
1767 170.697784 12.000000 40
1768 170.527084 12.000000 39
1769 170.356552 12.000000 43
1770 170.186203 12.000000 35
1771 170.016022 12.000000 44
1772 169.846008 12.000000 36
1773 169.676163 12.000000 40
1774 169.506485 12.000000 39
1775 169.336975 12.000000 39
1776 169.167633 12.000000 41
1777 168.998474 12.000000 43
1778 168.829483 12.000000 36
1779 168.660660 12.000000 41
1780 168.492004 12.000000 38
1781 168.323517 12.000000 40
1782 168.155197 12.000000 43
1783 167.987045 12.000000 42
1784 167.819061 12.000000 40
1785 167.651245 12.000000 40
1786 167.483597 12.000000 42
1787 167.316116 12.000000 43
1788 167.148804 12.000000 41
1789 166.981659 12.000000 43
1790 166.814682 12.000000 37
1791 166.647873 12.000000 39
1792 166.481232 12.000000 43
1793 166.314758 12.000000 39
1794 166.148453 12.000000 41
1795 165.982300 12.000000 39
1796 165.816315 12.000000 43
1797 165.650497 12.000000 39
1798 165.484848 12.000000 42
1799 165.319366 12.000000 35
1800 165.154053 12.000000 36
1801 164.988907 12.000000 36
1802 164.823914 12.000000 48
1803 164.659088 12.000000 39
1804 164.494431 12.000000 44
1805 164.329941 12.000000 39
1806 164.165619 12.000000 42
1807 164.001450 12.000000 39
1808 163.837448 12.000000 38
1809 163.673615 12.000000 40
1810 163.509949 12.000000 43
1811 163.346436 12.000000 36
1812 163.183090 12.000000 36
1813 163.019913 12.000000 36
1814 162.856888 12.000000 38
1815 162.694031 12.000000 38
1816 162.531342 12.000000 37
1817 162.368805 12.000000 39
1818 162.206436 12.000000 41
1819 162.044235 12.000000 38
1820 161.882187 12.000000 35
1821 161.720306 12.000000 38
1822 161.558594 12.000000 43
1823 161.397034 12.000000 39
1824 161.235641 12.000000 40
1825 161.074402 12.000000 34
1826 160.913330 12.000000 41
1827 160.752426 12.000000 43
1828 160.591675 12.000000 39
1829 160.431091 12.000000 38
1830 160.270660 12.000000 46
1831 160.110397 12.000000 40
1832 159.950287 12.000000 42
1833 159.790344 12.000000 39
1834 159.630554 12.000000 38
1835 159.470932 12.000000 41
1836 159.311462 12.000000 41
1837 159.152145 12.000000 38
1838 158.992996 12.000000 37
1839 158.834000 12.000000 38
1840 158.675171 12.000000 36
1841 158.516495 12.000000 47
1842 158.357986 12.000000 37
1843 158.199631 12.000000 39
1844 158.041428 12.000000 45
1845 157.883392 12.000000 44
1846 157.725510 12.000000 42
1847 157.567780 12.000000 42
1848 157.410217 12.000000 40
1849 157.252808 12.000000 40
1850 157.095551 12.000000 39
1851 156.938461 12.000000 38
1852 156.781525 12.000000 38
1853 156.624741 12.000000 46
1854 156.468124 12.000000 42
1855 156.311661 12.000000 43
1856 156.155350 12.000000 42
1857 155.999191 12.000000 37
1858 155.843201 12.000000 42
1859 155.687363 12.000000 43
1860 155.531677 12.000000 39
1861 155.376144 12.000000 39
1862 155.220764 12.000000 41
1863 155.065552 12.000000 40
1864 154.910492 12.000000 41
1865 154.755585 12.000000 40
1866 154.600830 12.000000 39
1867 154.446228 12.000000 41
1868 154.291779 12.000000 43
1869 154.137482 12.000000 40
1870 153.983353 12.000000 37
1871 153.829376 12.000000 41
1872 153.675552 12.000000 40
1873 153.521881 12.000000 39
1874 153.368362 12.000000 44
1875 153.214996 12.000000 45
1876 153.061783 12.000000 36
1877 152.908722 12.000000 36
1878 152.755814 12.000000 38
1879 152.603058 12.000000 39
1880 152.450455 12.000000 41
1881 152.298004 12.000000 34
1882 152.145706 12.000000 41
1883 151.993561 12.000000 42
1884 151.841568 12.000000 39
1885 151.689728 12.000000 41
1886 151.538040 12.000000 42
1887 151.386505 12.000000 41
1888 151.235123 12.000000 37
1889 151.083893 12.000000 42
1890 150.932816 12.000000 43
1891 150.781891 12.000000 36
1892 150.631104 12.000000 38
1893 150.480469 12.000000 41
1894 150.329987 12.000000 39
1895 150.179657 12.000000 39
1896 150.029480 12.000000 44
1897 149.879456 12.000000 43
1898 149.729584 12.000000 31
1899 149.579849 12.000000 44
1900 149.430267 12.000000 40
1901 149.280838 12.000000 40
1902 149.131561 12.000000 41
1903 148.982437 12.000000 38
1904 148.833450 12.000000 37
1905 148.684616 12.000000 40
1906 148.535934 12.000000 41
1907 148.387405 12.000000 37
1908 148.239014 12.000000 37
1909 148.090775 12.000000 43
1910 147.942688 12.000000 40
1911 147.794754 12.000000 46
1912 147.646957 12.000000 38
1913 147.499313 12.000000 39
1914 147.351822 12.000000 38
1915 147.204468 12.000000 41
1916 147.057266 12.000000 39
1917 146.910217 12.000000 48
1918 146.763306 12.000000 38
1919 146.616547 12.000000 39
1920 146.469925 12.000000 37
1921 146.323456 12.000000 44
1922 146.177139 12.000000 39
1923 146.030960 12.000000 38
1924 145.884933 12.000000 35
1925 145.739044 12.000000 44
1926 145.593307 12.000000 41
1927 145.447723 12.000000 41
1928 145.302277 12.000000 37
1929 145.156982 12.000000 41
1930 145.011826 12.000000 40
1931 144.866821 12.000000 42
1932 144.721954 12.000000 38
1933 144.577240 12.000000 41
1934 144.432663 12.000000 43
1935 144.288239 12.000000 37
1936 144.143951 12.000000 44
1937 143.999817 12.000000 42
1938 143.855820 12.000000 37
1939 143.711960 12.000000 41
1940 143.568253 12.000000 42
1941 143.424683 12.000000 46
1942 143.281265 12.000000 42
1943 143.137985 12.000000 36
1944 142.994843 12.000000 38
1945 142.851852 12.000000 42
1946 142.709000 12.000000 40
1947 142.566299 12.000000 38
1948 142.423737 12.000000 41
1949 142.281311 12.000000 41
1950 142.139038 12.000000 43
1951 141.996902 12.000000 39
1952 141.854904 12.000000 40
1953 141.713058 12.000000 43
1954 141.571350 12.000000 33
1955 141.429779 12.000000 42
1956 141.288345 12.000000 42
1957 141.147064 12.000000 35
1958 141.005920 12.000000 38
1959 140.864914 12.000000 39
1960 140.724045 12.000000 39
1961 140.583328 12.000000 44
1962 140.442749 12.000000 41
1963 140.302307 12.000000 40
1964 140.162003 12.000000 41
1965 140.021835 12.000000 40
1966 139.881821 12.000000 38
1967 139.741943 12.000000 44
1968 139.602203 12.000000 42
1969 139.462601 12.000000 38
1970 139.323135 12.000000 41
1971 139.183807 12.000000 31
1972 139.044632 12.000000 42
1973 138.905594 12.000000 44
1974 138.766693 12.000000 36
1975 138.627930 12.000000 36
1976 138.489304 12.000000 36
1977 138.350815 12.000000 40
1978 138.212463 12.000000 44
1979 138.074249 12.000000 42
1980 137.936172 12.000000 38
1981 137.798233 12.000000 42
1982 137.660431 12.000000 38
1983 137.522766 12.000000 46
1984 137.385239 12.000000 41
1985 137.247849 12.000000 38
1986 137.110596 12.000000 39
1987 136.973480 12.000000 38
1988 136.836502 12.000000 39
1989 136.699661 12.000000 41
1990 136.562958 12.000000 43
1991 136.426392 12.000000 43
1992 136.289963 12.000000 36
1993 136.153671 12.000000 41
1994 136.017517 12.000000 40
1995 135.881500 12.000000 36
1996 135.745621 12.000000 43
1997 135.609879 12.000000 45
1998 135.474274 12.000000 39
1999 135.338806 12.000000 42
2000 135.203476 12.000000 40
2001 135.068268 12.000000 43
2002 134.933197 12.000000 36
2003 134.798264 12.000000 45
2004 134.663467 12.000000 40
2005 134.528809 12.000000 40
2006 134.394287 12.000000 38
2007 134.259888 12.000000 46
2008 134.125626 12.000000 38
2009 133.991501 12.000000 37
2010 133.857513 12.000000 41
2011 133.723663 12.000000 44
2012 133.589935 12.000000 38
2013 133.456345 12.000000 41
2014 133.322891 12.000000 39
2015 133.189575 12.000000 39
2016 133.056381 12.000000 41
2017 132.923325 12.000000 40
2018 132.790405 12.000000 38
2019 132.657623 12.000000 41
2020 132.524963 12.000000 41
2021 132.392441 12.000000 40
2022 132.260056 12.000000 42
2023 132.127792 12.000000 40
2024 131.995667 12.000000 40
2025 131.863678 12.000000 35
2026 131.731812 12.000000 42
2027 131.600082 12.000000 41
2028 131.468491 12.000000 41
2029 131.337021 12.000000 38
2030 131.205688 12.000000 47
2031 131.074478 12.000000 43
2032 130.943405 12.000000 36
2033 130.812469 12.000000 40
2034 130.681656 12.000000 43
2035 130.550980 12.000000 38
2036 130.420425 12.000000 39
2037 130.290009 12.000000 47
2038 130.159714 12.000000 39
2039 130.029556 12.000000 45
2040 129.899521 12.000000 46
2041 129.769623 12.000000 40
2042 129.639862 12.000000 38
2043 129.510223 12.000000 45
2044 129.380722 12.000000 36
2045 129.251343 12.000000 38
2046 129.122086 12.000000 42
2047 128.992966 12.000000 39
2048 128.863968 12.000000 38
2049 128.735107 12.000000 45
2050 128.606369 12.000000 41
2051 128.477768 12.000000 40
2052 128.349289 12.000000 36
2053 128.220947 12.000000 40
2054 128.092728 12.000000 41
2055 127.964638 12.000000 44
2056 127.836678 12.000000 40
2057 127.708839 12.000000 38
2058 127.581131 12.000000 41
2059 127.453552 12.000000 42
2060 127.326103 12.000000 36
2061 127.198776 12.000000 40
2062 127.071579 12.000000 38
2063 126.944511 12.000000 39
2064 126.817566 12.000000 43
2065 126.690750 12.000000 41
2066 126.564064 12.000000 41
2067 126.437500 12.000000 40
2068 126.311066 12.000000 43
2069 126.184753 12.000000 34
2070 126.058571 12.000000 43
2071 125.932510 12.000000 42
2072 125.806580 12.000000 40
2073 125.680771 12.000000 41
2074 125.555092 12.000000 39
2075 125.429535 12.000000 43
2076 125.304108 12.000000 46
2077 125.178802 12.000000 43
2078 125.053627 12.000000 35
2079 124.928574 12.000000 35
2080 124.803650 12.000000 42
2081 124.678848 12.000000 43
2082 124.554169 12.000000 42
2083 124.429619 12.000000 45
2084 124.305191 12.000000 33
2085 124.180885 12.000000 40
2086 124.056709 12.000000 37
2087 123.932655 12.000000 42
2088 123.808723 12.000000 38
2089 123.684914 12.000000 46
2090 123.561234 12.000000 40
2091 123.437675 12.000000 37
2092 123.314240 12.000000 41
2093 123.190926 12.000000 37
2094 123.067734 12.000000 41
2095 122.944664 12.000000 42
2096 122.821724 12.000000 41
2097 122.698906 12.000000 39
2098 122.576210 12.000000 42
2099 122.453636 12.000000 38
2100 122.331184 12.000000 40
2101 122.208855 12.000000 40
2102 122.086647 12.000000 40
2103 121.964561 12.000000 44
2104 121.842598 12.000000 41
2105 121.720757 12.000000 40
2106 121.599037 12.000000 39
2107 121.477440 12.000000 41
2108 121.355965 12.000000 37
2109 121.234612 12.000000 43
2110 121.113380 12.000000 39
2111 120.992271 12.000000 39
2112 120.871284 12.000000 40
2113 120.750412 12.000000 41
2114 120.629662 12.000000 37
2115 120.509033 12.000000 46
2116 120.388527 12.000000 43
2117 120.268143 12.000000 46
2118 120.147873 12.000000 39
2119 120.027725 12.000000 46
2120 119.907700 12.000000 35
2121 119.787796 12.000000 41
2122 119.668007 12.000000 39
2123 119.548340 12.000000 45
2124 119.428795 12.000000 40
2125 119.309364 12.000000 47
2126 119.190056 12.000000 40
2127 119.070869 12.000000 37
2128 118.951797 12.000000 39
2129 118.832848 12.000000 44
2130 118.714020 12.000000 39
2131 118.595306 12.000000 41
2132 118.476715 12.000000 40
2133 118.358238 12.000000 46
2134 118.239883 12.000000 42
2135 118.121643 12.000000 43
2136 118.003525 12.000000 40
2137 117.885521 12.000000 46
2138 117.767639 12.000000 38
2139 117.649872 12.000000 46
2140 117.532227 12.000000 44
2141 117.414696 12.000000 45
2142 117.297279 12.000000 41
2143 117.179985 12.000000 42
2144 117.062805 12.000000 35
2145 116.945747 12.000000 42
2146 116.828804 12.000000 38
2147 116.711975 12.000000 42
2148 116.595268 12.000000 45
2149 116.478676 12.000000 40
2150 116.362198 12.000000 45
2151 116.245834 12.000000 40
2152 116.129593 12.000000 39
2153 116.013466 12.000000 42
2154 115.897453 12.000000 33
2155 115.781555 12.000000 39
2156 115.665771 12.000000 40
2157 115.550110 12.000000 40
2158 115.434563 12.000000 42
2159 115.319130 12.000000 37
2160 115.203812 12.000000 38
2161 115.088608 12.000000 40
2162 114.973518 12.000000 43
2163 114.858543 12.000000 37
2164 114.743683 12.000000 45
2165 114.628944 12.000000 38
2166 114.514320 12.000000 42
2167 114.399811 12.000000 46
2168 114.285416 12.000000 37
2169 114.171135 12.000000 40
2170 114.056969 12.000000 41
2171 113.942917 12.000000 45
2172 113.828972 12.000000 43
2173 113.715141 12.000000 39
2174 113.601425 12.000000 42
2175 113.487823 12.000000 36
2176 113.374336 12.000000 44
2177 113.260963 12.000000 39
2178 113.147705 12.000000 41
2179 113.034561 12.000000 37
2180 112.921532 12.000000 41
2181 112.808609 12.000000 36
2182 112.695801 12.000000 43
2183 112.583107 12.000000 42
2184 112.470528 12.000000 42
2185 112.358055 12.000000 41
2186 112.245697 12.000000 37
2187 112.133453 12.000000 38
2188 112.021324 12.000000 37
2189 111.909302 12.000000 39
2190 111.797394 12.000000 44
2191 111.685600 12.000000 42
2192 111.573914 12.000000 34
2193 111.462341 12.000000 40
2194 111.350883 12.000000 43
2195 111.239532 12.000000 36
2196 111.128296 12.000000 40
2197 111.017166 12.000000 38
2198 110.906151 12.000000 37
2199 110.795242 12.000000 39
2200 110.684448 12.000000 40
2201 110.573769 12.000000 44
2202 110.463196 12.000000 42
2203 110.352737 12.000000 44
2204 110.242386 12.000000 42
2205 110.132141 12.000000 40
2206 110.022011 12.000000 39
2207 109.911987 12.000000 37
2208 109.802078 12.000000 41
2209 109.692276 12.000000 46
2210 109.582588 12.000000 38
2211 109.473007 12.000000 42
2212 109.363533 12.000000 38
2213 109.254173 12.000000 38
2214 109.144920 12.000000 40
2215 109.035774 12.000000 43
2216 108.926743 12.000000 40
2217 108.817818 12.000000 39
2218 108.709000 12.000000 47
2219 108.600288 12.000000 37
2220 108.491692 12.000000 40
2221 108.383202 12.000000 38
2222 108.274818 12.000000 41
2223 108.166542 12.000000 44
2224 108.058380 12.000000 43
2225 107.950325 12.000000 38
2226 107.842377 12.000000 41
2227 107.734535 12.000000 38
2228 107.626801 12.000000 37
2229 107.519173 12.000000 41
2230 107.411652 12.000000 42
2231 107.304245 12.000000 38
2232 107.196945 12.000000 39
2233 107.089752 12.000000 37
2234 106.982666 12.000000 38
2235 106.875687 12.000000 39
2236 106.768814 12.000000 42
2237 106.662048 12.000000 37
2238 106.555389 12.000000 43
2239 106.448837 12.000000 39
2240 106.342392 12.000000 45
2241 106.236053 12.000000 39
2242 106.129822 12.000000 47
2243 106.023697 12.000000 42
2244 105.917671 12.000000 42
2245 105.811752 12.000000 38
2246 105.705940 12.000000 43
2247 105.600235 12.000000 42
2248 105.494637 12.000000 40
2249 105.389145 12.000000 35
2250 105.283760 12.000000 38
2251 105.178474 12.000000 41
2252 105.073296 12.000000 41
2253 104.968224 12.000000 37
2254 104.863258 12.000000 42
2255 104.758400 12.000000 43
2256 104.653641 12.000000 41
2257 104.548988 12.000000 43
2258 104.444443 12.000000 42
2259 104.339996 12.000000 44
2260 104.235657 12.000000 42
2261 104.131424 12.000000 35
2262 104.027290 12.000000 44
2263 103.923264 12.000000 40
2264 103.819344 12.000000 43
2265 103.715523 12.000000 42
2266 103.611809 12.000000 39
2267 103.508202 12.000000 40
2268 103.404694 12.000000 43
2269 103.301292 12.000000 43
2270 103.197990 12.000000 38
2271 103.094795 12.000000 38
2272 102.991699 12.000000 46
2273 102.888710 12.000000 39
2274 102.785820 12.000000 36
2275 102.683037 12.000000 38
2276 102.580353 12.000000 39
2277 102.477776 12.000000 39
2278 102.375298 12.000000 41
2279 102.272926 12.000000 40
2280 102.170654 12.000000 44
2281 102.068481 12.000000 40
2282 101.966415 12.000000 37
2283 101.864449 12.000000 39
2284 101.762589 12.000000 41
2285 101.660828 12.000000 43
2286 101.559166 12.000000 41
2287 101.457611 12.000000 44
2288 101.356155 12.000000 39
2289 101.254799 12.000000 42
2290 101.153549 12.000000 39
2291 101.052399 12.000000 39
2292 100.951347 12.000000 37
2293 100.850395 12.000000 46
2294 100.749550 12.000000 39
2295 100.648804 12.000000 37
2296 100.548157 12.000000 40
2297 100.447609 12.000000 41
2298 100.347160 12.000000 48
2299 100.246811 12.000000 39
2300 100.146568 12.000000 46
2301 100.046425 12.000000 44
2302 99.946381 12.000000 45
2303 99.846436 12.000000 37
2304 99.746590 12.000000 38
2305 99.646843 12.000000 41
2306 99.547195 12.000000 43
2307 99.447647 12.000000 38
2308 99.348198 12.000000 47
2309 99.248848 12.000000 39
2310 99.149597 12.000000 40
2311 99.050446 12.000000 42
2312 98.951393 12.000000 43
2313 98.852440 12.000000 37
2314 98.753586 12.000000 43
2315 98.654831 12.000000 37
2316 98.556175 12.000000 44
2317 98.457619 12.000000 46
2318 98.359161 12.000000 34
2319 98.260803 12.000000 42
2320 98.162544 12.000000 39
2321 98.064384 12.000000 36
2322 97.966324 12.000000 38
2323 97.868362 12.000000 44
2324 97.770493 12.000000 41
2325 97.672722 12.000000 45
2326 97.575050 12.000000 42
2327 97.477478 12.000000 37
2328 97.380005 12.000000 42
2329 97.282623 12.000000 40
2330 97.185341 12.000000 41
2331 97.088158 12.000000 37
2332 96.991074 12.000000 37
2333 96.894081 12.000000 47
2334 96.797188 12.000000 40
2335 96.700394 12.000000 38
2336 96.603691 12.000000 40
2337 96.507088 12.000000 42
2338 96.410583 12.000000 38
2339 96.314171 12.000000 38
2340 96.217857 12.000000 37
2341 96.121643 12.000000 37
2342 96.025520 12.000000 38
2343 95.929497 12.000000 42
2344 95.833565 12.000000 37
2345 95.737732 12.000000 37
2346 95.641998 12.000000 35
2347 95.546356 12.000000 38
2348 95.450813 12.000000 37
2349 95.355362 12.000000 34
2350 95.260010 12.000000 41
2351 95.164749 12.000000 38
2352 95.069588 12.000000 42
2353 94.974518 12.000000 40
2354 94.879547 12.000000 47
2355 94.784668 12.000000 40
2356 94.689888 12.000000 45
2357 94.595200 12.000000 43
2358 94.500603 12.000000 37
2359 94.406105 12.000000 41
2360 94.311699 12.000000 41
2361 94.217392 12.000000 48
2362 94.123177 12.000000 37
2363 94.029053 12.000000 40
2364 93.935028 12.000000 33
2365 93.841095 12.000000 39
2366 93.747253 12.000000 39
2367 93.653511 12.000000 41
2368 93.559860 12.000000 41
2369 93.466301 12.000000 39
2370 93.372833 12.000000 41
2371 93.279465 12.000000 42
2372 93.186188 12.000000 44
2373 93.093002 12.000000 45
2374 92.999908 12.000000 40
2375 92.906906 12.000000 40
2376 92.814003 12.000000 36
2377 92.721191 12.000000 46
2378 92.628471 12.000000 40
2379 92.535843 12.000000 36
2380 92.443306 12.000000 48
2381 92.350861 12.000000 37
2382 92.258514 12.000000 40
2383 92.166260 12.000000 37
2384 92.074097 12.000000 39
2385 91.982025 12.000000 41
2386 91.890045 12.000000 46
2387 91.798157 12.000000 39
2388 91.706360 12.000000 42
2389 91.614655 12.000000 37
2390 91.523041 12.000000 39
2391 91.431519 12.000000 39
2392 91.340088 12.000000 40
2393 91.248749 12.000000 37
2394 91.157501 12.000000 37
2395 91.066345 12.000000 37
2396 90.975281 12.000000 38
2397 90.884308 12.000000 44
2398 90.793427 12.000000 36
2399 90.702637 12.000000 38
2400 90.611938 12.000000 40
2401 90.521324 12.000000 40
2402 90.430801 12.000000 41
2403 90.340370 12.000000 37
2404 90.250031 12.000000 36
2405 90.159782 12.000000 42
2406 90.069626 12.000000 39
2407 89.979561 12.000000 40
2408 89.889580 12.000000 41
2409 89.799690 12.000000 44
2410 89.709892 12.000000 44
2411 89.620186 12.000000 40
2412 89.530563 12.000000 37
2413 89.441032 12.000000 41
2414 89.351593 12.000000 35
2415 89.262245 12.000000 43
2416 89.172981 12.000000 43
2417 89.083809 12.000000 42
2418 88.994728 12.000000 34
2419 88.905731 12.000000 37
2420 88.816826 12.000000 40
2421 88.728012 12.000000 41
2422 88.639282 12.000000 37
2423 88.550644 12.000000 40
2424 88.462097 12.000000 39
2425 88.373634 12.000000 47
2426 88.285263 12.000000 36
2427 88.196976 12.000000 36
2428 88.108780 12.000000 37
2429 88.020676 12.000000 42
2430 87.932655 12.000000 36
2431 87.844727 12.000000 43
2432 87.756882 12.000000 42
2433 87.669128 12.000000 37
2434 87.581459 12.000000 38
2435 87.493881 12.000000 39
2436 87.406387 12.000000 40
2437 87.318985 12.000000 38
2438 87.231667 12.000000 44
2439 87.144440 12.000000 43
2440 87.057297 12.000000 45
2441 86.970238 12.000000 38
2442 86.883270 12.000000 40
2443 86.796387 12.000000 35
2444 86.709595 12.000000 44
2445 86.622887 12.000000 41
2446 86.536263 12.000000 40
2447 86.449730 12.000000 44
2448 86.363281 12.000000 40
2449 86.276917 12.000000 38
2450 86.190643 12.000000 39
2451 86.104454 12.000000 39
2452 86.018349 12.000000 38
2453 85.932335 12.000000 40
2454 85.846405 12.000000 35
2455 85.760559 12.000000 43
2456 85.674797 12.000000 37
2457 85.589127 12.000000 39
2458 85.503540 12.000000 43
2459 85.418037 12.000000 38
2460 85.332619 12.000000 38
2461 85.247284 12.000000 39
2462 85.162041 12.000000 43
2463 85.076881 12.000000 46
2464 84.991806 12.000000 43
2465 84.906815 12.000000 36
2466 84.821907 12.000000 41
2467 84.737083 12.000000 41
2468 84.652344 12.000000 34
2469 84.567696 12.000000 42
2470 84.483131 12.000000 40
2471 84.398651 12.000000 43
2472 84.314255 12.000000 35
2473 84.229942 12.000000 44
2474 84.145714 12.000000 36
2475 84.061569 12.000000 39
2476 83.977509 12.000000 44
2477 83.893532 12.000000 33
2478 83.809639 12.000000 39
2479 83.725830 12.000000 37
2480 83.642105 12.000000 39
2481 83.558464 12.000000 42
2482 83.474907 12.000000 34
2483 83.391434 12.000000 42
2484 83.308044 12.000000 43
2485 83.224739 12.000000 40
2486 83.141518 12.000000 44
2487 83.058380 12.000000 37
2488 82.975327 12.000000 39
2489 82.892349 12.000000 40
2490 82.809456 12.000000 38
2491 82.726646 12.000000 36
2492 82.643921 12.000000 42
2493 82.561279 12.000000 42
2494 82.478722 12.000000 40
2495 82.396240 12.000000 39
2496 82.313843 12.000000 42
2497 82.231529 12.000000 38
2498 82.149300 12.000000 37
2499 82.067154 12.000000 42
2500 81.985085 12.000000 41
2501 81.903099 12.000000 47
2502 81.821198 12.000000 39
2503 81.739380 12.000000 43
2504 81.657639 12.000000 42
2505 81.575981 12.000000 39
2506 81.494408 12.000000 36
2507 81.412918 12.000000 40
2508 81.331505 12.000000 33
2509 81.250175 12.000000 44
2510 81.168930 12.000000 41
2511 81.087761 12.000000 44
2512 81.006676 12.000000 37
2513 80.925667 12.000000 40
2514 80.844742 12.000000 42
2515 80.763901 12.000000 35
2516 80.683136 12.000000 41
2517 80.602455 12.000000 48
2518 80.521851 12.000000 36
2519 80.441330 12.000000 42
2520 80.360893 12.000000 42
2521 80.280533 12.000000 45
2522 80.200256 12.000000 40
2523 80.120056 12.000000 37
2524 80.039940 12.000000 42
2525 79.959900 12.000000 37
2526 79.879944 12.000000 39
2527 79.800064 12.000000 40
2528 79.720268 12.000000 38
2529 79.640549 12.000000 44
2530 79.560905 12.000000 42
2531 79.481346 12.000000 49
2532 79.401863 12.000000 41
2533 79.322464 12.000000 38
2534 79.243141 12.000000 37
2535 79.163902 12.000000 39
2536 79.084740 12.000000 39
2537 79.005653 12.000000 40
2538 78.926651 12.000000 40
2539 78.847725 12.000000 34
2540 78.768875 12.000000 43
2541 78.690109 12.000000 39
2542 78.611420 12.000000 43
2543 78.532806 12.000000 47
2544 78.454277 12.000000 38
2545 78.375824 12.000000 38
2546 78.297447 12.000000 41
2547 78.219154 12.000000 44
2548 78.140938 12.000000 41
2549 78.062798 12.000000 43
2550 77.984734 12.000000 37
2551 77.906754 12.000000 37
2552 77.828850 12.000000 45
2553 77.751022 12.000000 43
2554 77.673271 12.000000 33
2555 77.595596 12.000000 47
2556 77.518005 12.000000 40
2557 77.440491 12.000000 40
2558 77.363052 12.000000 39
2559 77.285690 12.000000 39
2560 77.208405 12.000000 33
2561 77.131195 12.000000 44
2562 77.054062 12.000000 40
2563 76.977013 12.000000 42
2564 76.900040 12.000000 41
2565 76.823143 12.000000 44
2566 76.746323 12.000000 39
2567 76.669579 12.000000 38
2568 76.592911 12.000000 40
2569 76.516319 12.000000 42
2570 76.439804 12.000000 37
2571 76.363365 12.000000 39
2572 76.287003 12.000000 40
2573 76.210716 12.000000 40
2574 76.134506 12.000000 38
2575 76.058372 12.000000 40
2576 75.982315 12.000000 42
2577 75.906334 12.000000 38
2578 75.830429 12.000000 40
2579 75.754601 12.000000 41
2580 75.678848 12.000000 39
2581 75.603172 12.000000 39
2582 75.527573 12.000000 47
2583 75.452049 12.000000 34
2584 75.376595 12.000000 41
2585 75.301216 12.000000 37
2586 75.225914 12.000000 40
2587 75.150688 12.000000 34
2588 75.075539 12.000000 41
2589 75.000465 12.000000 38
2590 74.925468 12.000000 40
2591 74.850540 12.000000 40
2592 74.775688 12.000000 47
2593 74.700912 12.000000 39
2594 74.626213 12.000000 43
2595 74.551590 12.000000 45
2596 74.477036 12.000000 38
2597 74.402557 12.000000 38
2598 74.328156 12.000000 39
2599 74.253830 12.000000 40
2600 74.179581 12.000000 37
2601 74.105400 12.000000 39
2602 74.031296 12.000000 40
2603 73.957268 12.000000 42
2604 73.883308 12.000000 45
2605 73.809425 12.000000 42
2606 73.735619 12.000000 40
2607 73.661880 12.000000 39
2608 73.588219 12.000000 43
2609 73.514633 12.000000 40
2610 73.441116 12.000000 44
2611 73.367676 12.000000 37
2612 73.294312 12.000000 36
2613 73.221016 12.000000 37
2614 73.147797 12.000000 41
2615 73.074646 12.000000 42
2616 73.001572 12.000000 44
2617 72.928574 12.000000 39
2618 72.855644 12.000000 41
2619 72.782791 12.000000 37
2620 72.710007 12.000000 38
2621 72.637299 12.000000 36
2622 72.564659 12.000000 43
2623 72.492096 12.000000 43
2624 72.419601 12.000000 37
2625 72.347183 12.000000 41
2626 72.274834 12.000000 38
2627 72.202560 12.000000 41
2628 72.130356 12.000000 38
2629 72.058228 12.000000 37
2630 71.986168 12.000000 36
2631 71.914185 12.000000 43
2632 71.842270 12.000000 37
2633 71.770432 12.000000 40
2634 71.698662 12.000000 38
2635 71.626961 12.000000 41
2636 71.555336 12.000000 42
2637 71.483780 12.000000 43
2638 71.412300 12.000000 39
2639 71.340889 12.000000 42
2640 71.269547 12.000000 40
2641 71.198280 12.000000 38
2642 71.127083 12.000000 40
2643 71.055954 12.000000 46
2644 70.984901 12.000000 36
2645 70.913918 12.000000 43
2646 70.843002 12.000000 43
2647 70.772163 12.000000 41
2648 70.701393 12.000000 34
2649 70.630692 12.000000 41
2650 70.560059 12.000000 39
2651 70.489502 12.000000 37
2652 70.419014 12.000000 45
2653 70.348595 12.000000 38
2654 70.278244 12.000000 44
2655 70.207970 12.000000 45
2656 70.137764 12.000000 42
2657 70.067627 12.000000 42
2658 69.997559 12.000000 40
2659 69.927559 12.000000 34
2660 69.857635 12.000000 42
2661 69.787781 12.000000 38
2662 69.717995 12.000000 38
2663 69.648277 12.000000 43
2664 69.578629 12.000000 36
2665 69.509048 12.000000 41
2666 69.439537 12.000000 42
2667 69.370102 12.000000 38
2668 69.300735 12.000000 42
2669 69.231438 12.000000 43
2670 69.162209 12.000000 37
2671 69.093048 12.000000 36
2672 69.023956 12.000000 39
2673 68.954933 12.000000 40
2674 68.885979 12.000000 40
2675 68.817093 12.000000 47
2676 68.748276 12.000000 44
2677 68.679527 12.000000 33
2678 68.610847 12.000000 36
2679 68.542236 12.000000 37
2680 68.473694 12.000000 40
2681 68.405220 12.000000 40
2682 68.336815 12.000000 39
2683 68.268478 12.000000 43
2684 68.200211 12.000000 37
2685 68.132011 12.000000 43
2686 68.063881 12.000000 41
2687 67.995819 12.000000 42
2688 67.927826 12.000000 39
2689 67.859901 12.000000 42
2690 67.792046 12.000000 36
2691 67.724251 12.000000 39
2692 67.656525 12.000000 39
2693 67.588867 12.000000 30
2694 67.521278 12.000000 39
2695 67.453758 12.000000 40
2696 67.386307 12.000000 43
2697 67.318924 12.000000 35
2698 67.251602 12.000000 39
2699 67.184349 12.000000 41
2700 67.117165 12.000000 35
2701 67.050049 12.000000 40
2702 66.983002 12.000000 41
2703 66.916023 12.000000 43
2704 66.849106 12.000000 40
2705 66.782257 12.000000 43
2706 66.715477 12.000000 42
2707 66.648766 12.000000 42
2708 66.582115 12.000000 46
2709 66.515533 12.000000 41
2710 66.449020 12.000000 39
2711 66.382576 12.000000 42
2712 66.316193 12.000000 39
2713 66.249878 12.000000 45
2714 66.183632 12.000000 47
2715 66.117447 12.000000 46
2716 66.051331 12.000000 38
2717 65.985283 12.000000 44
2718 65.919296 12.000000 37
2719 65.853378 12.000000 41
2720 65.787529 12.000000 39
2721 65.721741 12.000000 36
2722 65.656021 12.000000 35
2723 65.590363 12.000000 42
2724 65.524773 12.000000 42
2725 65.459251 12.000000 38
2726 65.393791 12.000000 38
2727 65.328400 12.000000 40
2728 65.263069 12.000000 37
2729 65.197807 12.000000 41
2730 65.132614 12.000000 41
2731 65.067482 12.000000 38
2732 65.002419 12.000000 40
2733 64.937416 12.000000 37
2734 64.872482 12.000000 43
2735 64.807610 12.000000 40
2736 64.742805 12.000000 41
2737 64.678062 12.000000 38
2738 64.613388 12.000000 40
2739 64.548775 12.000000 41
2740 64.484230 12.000000 40
2741 64.419746 12.000000 39
2742 64.355324 12.000000 43
2743 64.290970 12.000000 33
2744 64.226677 12.000000 41
2745 64.162453 12.000000 40
2746 64.098289 12.000000 36
2747 64.034195 12.000000 39
2748 63.970161 12.000000 42
2749 63.906193 12.000000 36
2750 63.842289 12.000000 41
2751 63.778446 12.000000 42
2752 63.714668 12.000000 38
2753 63.650955 12.000000 42
2754 63.587303 12.000000 40
2755 63.523716 12.000000 45
2756 63.460194 12.000000 38
2757 63.396736 12.000000 42
2758 63.333340 12.000000 43
2759 63.270008 12.000000 45
2760 63.206738 12.000000 39
2761 63.143532 12.000000 41
2762 63.080391 12.000000 41
2763 63.017311 12.000000 33
2764 62.954296 12.000000 40
2765 62.891342 12.000000 41
2766 62.828453 12.000000 41
2767 62.765625 12.000000 37
2768 62.702862 12.000000 40
2769 62.640160 12.000000 38
2770 62.577518 12.000000 39
2771 62.514942 12.000000 45
2772 62.452427 12.000000 45
2773 62.389977 12.000000 34
2774 62.327587 12.000000 35
2775 62.265259 12.000000 43
2776 62.202995 12.000000 41
2777 62.140793 12.000000 31
2778 62.078651 12.000000 42
2779 62.016575 12.000000 38
2780 61.954559 12.000000 38
2781 61.892605 12.000000 39
2782 61.830711 12.000000 41
2783 61.768883 12.000000 43
2784 61.707115 12.000000 39
2785 61.645409 12.000000 43
2786 61.583763 12.000000 40
2787 61.522179 12.000000 39
2788 61.460659 12.000000 40
2789 61.399200 12.000000 41
2790 61.337803 12.000000 39
2791 61.276466 12.000000 36
2792 61.215191 12.000000 36
2793 61.153976 12.000000 42
2794 61.092823 12.000000 41
2795 61.031731 12.000000 39
2796 60.970699 12.000000 42
2797 60.909729 12.000000 40
2798 60.848820 12.000000 37
2799 60.787971 12.000000 44
2800 60.727184 12.000000 41
2801 60.666458 12.000000 38
2802 60.605793 12.000000 43
2803 60.545189 12.000000 37
2804 60.484646 12.000000 42
2805 60.424164 12.000000 38
2806 60.363739 12.000000 43
2807 60.303375 12.000000 43
2808 60.243073 12.000000 39
2809 60.182831 12.000000 47
2810 60.122650 12.000000 42
2811 60.062527 12.000000 39
2812 60.002464 12.000000 42
2813 59.942463 12.000000 37
2814 59.882523 12.000000 37
2815 59.822639 12.000000 35
2816 59.762817 12.000000 40
2817 59.703056 12.000000 37
2818 59.643353 12.000000 40
2819 59.583710 12.000000 41
2820 59.524128 12.000000 43
2821 59.464603 12.000000 31
2822 59.405140 12.000000 37
2823 59.345734 12.000000 35
2824 59.286388 12.000000 34
2825 59.227104 12.000000 42
2826 59.167877 12.000000 31
2827 59.108711 12.000000 45
2828 59.049603 12.000000 40
2829 58.990555 12.000000 35
2830 58.931564 12.000000 43
2831 58.872635 12.000000 34
2832 58.813763 12.000000 40
2833 58.754951 12.000000 41
2834 58.696198 12.000000 40
2835 58.637501 12.000000 42
2836 58.578865 12.000000 44
2837 58.520287 12.000000 46
2838 58.461765 12.000000 42
2839 58.403305 12.000000 39
2840 58.344902 12.000000 38
2841 58.286556 12.000000 40
2842 58.228271 12.000000 41
2843 58.170044 12.000000 41
2844 58.111874 12.000000 37
2845 58.053764 12.000000 38
2846 57.995712 12.000000 38
2847 57.937717 12.000000 36
2848 57.879780 12.000000 35
2849 57.821899 12.000000 38
2850 57.764080 12.000000 41
2851 57.706318 12.000000 44
2852 57.648613 12.000000 44
2853 57.590965 12.000000 35
2854 57.533375 12.000000 40
2855 57.475842 12.000000 38
2856 57.418365 12.000000 42
2857 57.360947 12.000000 38
2858 57.303585 12.000000 41
2859 57.246281 12.000000 36
2860 57.189034 12.000000 39
2861 57.131844 12.000000 38
2862 57.074711 12.000000 36
2863 57.017635 12.000000 43
2864 56.960617 12.000000 40
2865 56.903656 12.000000 41
2866 56.846752 12.000000 42
2867 56.789906 12.000000 37
2868 56.733116 12.000000 33
2869 56.676384 12.000000 40
2870 56.619709 12.000000 39
2871 56.563091 12.000000 37
2872 56.506531 12.000000 36
2873 56.450024 12.000000 40
2874 56.393574 12.000000 41
2875 56.337181 12.000000 44
2876 56.280846 12.000000 42
2877 56.224567 12.000000 35
2878 56.168343 12.000000 42
2879 56.112175 12.000000 42
2880 56.056065 12.000000 35
2881 56.000008 12.000000 39
2882 55.944008 12.000000 38
2883 55.888065 12.000000 40
2884 55.832176 12.000000 41
2885 55.776344 12.000000 40
2886 55.720570 12.000000 39
2887 55.664848 12.000000 42
2888 55.609184 12.000000 43
2889 55.553577 12.000000 44
2890 55.498024 12.000000 36
2891 55.442528 12.000000 40
2892 55.387085 12.000000 38
2893 55.331699 12.000000 39
2894 55.276367 12.000000 41
2895 55.221092 12.000000 41
2896 55.165871 12.000000 40
2897 55.110706 12.000000 48
2898 55.055595 12.000000 42
2899 55.000542 12.000000 36
2900 54.945541 12.000000 38
2901 54.890598 12.000000 42
2902 54.835709 12.000000 38
2903 54.780872 12.000000 39
2904 54.726093 12.000000 37
2905 54.671368 12.000000 32
2906 54.616695 12.000000 41
2907 54.562080 12.000000 46
2908 54.507519 12.000000 45
2909 54.453011 12.000000 36
2910 54.398560 12.000000 38
2911 54.344162 12.000000 36
2912 54.289818 12.000000 43
2913 54.235527 12.000000 36
2914 54.181293 12.000000 42
2915 54.127113 12.000000 40
2916 54.072987 12.000000 41
2917 54.018913 12.000000 40
2918 53.964893 12.000000 42
2919 53.910931 12.000000 37
2920 53.857021 12.000000 41
2921 53.803165 12.000000 29
2922 53.749363 12.000000 42
2923 53.695614 12.000000 35
2924 53.641918 12.000000 36
2925 53.588276 12.000000 39
2926 53.534687 12.000000 39
2927 53.481152 12.000000 40
2928 53.427670 12.000000 41
2929 53.374241 12.000000 40
2930 53.320866 12.000000 36
2931 53.267544 12.000000 41
2932 53.214275 12.000000 37
2933 53.161060 12.000000 40
2934 53.107899 12.000000 37
2935 53.054790 12.000000 40
2936 53.001736 12.000000 40
2937 52.948734 12.000000 44
2938 52.895786 12.000000 36
2939 52.842892 12.000000 48
2940 52.790051 12.000000 46
2941 52.737263 12.000000 41
2942 52.684525 12.000000 40
2943 52.631840 12.000000 44
2944 52.579208 12.000000 36
2945 52.526630 12.000000 37
2946 52.474106 12.000000 41
2947 52.421631 12.000000 44
2948 52.369209 12.000000 39
2949 52.316841 12.000000 41
2950 52.264526 12.000000 42
2951 52.212261 12.000000 39
2952 52.160049 12.000000 36
2953 52.107891 12.000000 43
2954 52.055782 12.000000 32
2955 52.003727 12.000000 43
2956 51.951725 12.000000 40
2957 51.899773 12.000000 40
2958 51.847874 12.000000 34
2959 51.796028 12.000000 35
2960 51.744232 12.000000 39
2961 51.692490 12.000000 37
2962 51.640797 12.000000 45
2963 51.589157 12.000000 37
2964 51.537567 12.000000 43
2965 51.486031 12.000000 38
2966 51.434544 12.000000 39
2967 51.383110 12.000000 43
2968 51.331726 12.000000 41
2969 51.280396 12.000000 42
2970 51.229115 12.000000 42
2971 51.177887 12.000000 36
2972 51.126709 12.000000 38
2973 51.075584 12.000000 38
2974 51.024509 12.000000 38
2975 50.973484 12.000000 43
2976 50.922512 12.000000 42
2977 50.871590 12.000000 38
2978 50.820717 12.000000 43
2979 50.769897 12.000000 42
2980 50.719128 12.000000 39
2981 50.668407 12.000000 41
2982 50.617741 12.000000 40
2983 50.567123 12.000000 41
2984 50.516556 12.000000 42
2985 50.466042 12.000000 39
2986 50.415577 12.000000 36
2987 50.365162 12.000000 43
2988 50.314796 12.000000 38
2989 50.264481 12.000000 40
2990 50.214218 12.000000 33
2991 50.164005 12.000000 40
2992 50.113842 12.000000 36
2993 50.063728 12.000000 44
2994 50.013664 12.000000 34
2995 49.963650 12.000000 41
2996 49.913685 12.000000 39
2997 49.863773 12.000000 40
2998 49.813911 12.000000 39
2999 49.764099 12.000000 40
3000 49.714336 12.000000 40
3001 49.664623 12.000000 36
3002 49.614960 12.000000 38
3003 49.565346 12.000000 38
3004 49.515781 12.000000 33
3005 49.466267 12.000000 40
3006 49.416801 12.000000 39
3007 49.367386 12.000000 42
3008 49.318020 12.000000 38
3009 49.268703 12.000000 38
3010 49.219437 12.000000 34
3011 49.170219 12.000000 43
3012 49.121048 12.000000 35
3013 49.071926 12.000000 38
3014 49.022854 12.000000 37
3015 48.973831 12.000000 46
3016 48.924858 12.000000 42
3017 48.875935 12.000000 33
3018 48.827061 12.000000 38
3019 48.778233 12.000000 37
3020 48.729454 12.000000 43
3021 48.680725 12.000000 35
3022 48.632046 12.000000 39
3023 48.583416 12.000000 36
3024 48.534832 12.000000 40
3025 48.486298 12.000000 35
3026 48.437813 12.000000 41
3027 48.389374 12.000000 39
3028 48.340984 12.000000 41
3029 48.292645 12.000000 36
3030 48.244354 12.000000 42
3031 48.196110 12.000000 39
3032 48.147915 12.000000 37
3033 48.099766 12.000000 35
3034 48.051666 12.000000 38
3035 48.003616 12.000000 41
3036 47.955612 12.000000 41
3037 47.907658 12.000000 38
3038 47.859749 12.000000 37
3039 47.811890 12.000000 26
3040 47.764080 12.000000 43
3041 47.716316 12.000000 35
3042 47.668602 12.000000 39
3043 47.620934 12.000000 40
3044 47.573315 12.000000 40
3045 47.525742 12.000000 38
3046 47.478218 12.000000 36
3047 47.430740 12.000000 42
3048 47.383308 12.000000 38
3049 47.335926 12.000000 43
3050 47.288589 12.000000 41
3051 47.241302 12.000000 39
3052 47.194061 12.000000 37
3053 47.146870 12.000000 37
3054 47.099724 12.000000 37
3055 47.052624 12.000000 39
3056 47.005573 12.000000 37
3057 46.958569 12.000000 35
3058 46.911610 12.000000 39
3059 46.864700 12.000000 39
3060 46.817837 12.000000 37
3061 46.771019 12.000000 41
3062 46.724247 12.000000 46
3063 46.677525 12.000000 39
3064 46.630848 12.000000 44
3065 46.584217 12.000000 37
3066 46.537632 12.000000 40
3067 46.491096 12.000000 36
3068 46.444607 12.000000 38
3069 46.398163 12.000000 41
3070 46.351765 12.000000 34
3071 46.305412 12.000000 42
3072 46.259106 12.000000 38
3073 46.212849 12.000000 34
3074 46.166637 12.000000 41
3075 46.120472 12.000000 45
3076 46.074352 12.000000 40
3077 46.028278 12.000000 41
3078 45.982250 12.000000 43
3079 45.936268 12.000000 41
3080 45.890331 12.000000 39
3081 45.844440 12.000000 38
3082 45.798595 12.000000 38
3083 45.752796 12.000000 35
3084 45.707043 12.000000 39
3085 45.661335 12.000000 41
3086 45.615673 12.000000 40
3087 45.570057 12.000000 40
3088 45.524487 12.000000 36
3089 45.478962 12.000000 39
3090 45.433483 12.000000 36
3091 45.388050 12.000000 40
3092 45.342663 12.000000 41
3093 45.297321 12.000000 39
3094 45.252026 12.000000 43
3095 45.206776 12.000000 38
3096 45.161568 12.000000 40
3097 45.116405 12.000000 41
3098 45.071289 12.000000 42
3099 45.026218 12.000000 43
3100 44.981194 12.000000 37
3101 44.936214 12.000000 36
3102 44.891277 12.000000 36
3103 44.846386 12.000000 34
3104 44.801540 12.000000 40
3105 44.756741 12.000000 36
3106 44.711983 12.000000 37
3107 44.667271 12.000000 38
3108 44.622604 12.000000 38
3109 44.577984 12.000000 39
3110 44.533405 12.000000 39
3111 44.488873 12.000000 43
3112 44.444386 12.000000 41
3113 44.399940 12.000000 38
3114 44.355541 12.000000 38
3115 44.311188 12.000000 44
3116 44.266876 12.000000 40
3117 44.222610 12.000000 38
3118 44.178387 12.000000 42
3119 44.134209 12.000000 39
3120 44.090076 12.000000 36
3121 44.045986 12.000000 43
3122 44.001942 12.000000 39
3123 43.957939 12.000000 37
3124 43.913982 12.000000 32
3125 43.870068 12.000000 35
3126 43.826199 12.000000 40
3127 43.782372 12.000000 35
3128 43.738590 12.000000 33
3129 43.694851 12.000000 39
3130 43.651157 12.000000 42
3131 43.607506 12.000000 37
3132 43.563900 12.000000 37
3133 43.520336 12.000000 27
3134 43.476818 12.000000 35
3135 43.433342 12.000000 40
3136 43.389908 12.000000 37
3137 43.346519 12.000000 41
3138 43.303173 12.000000 37
3139 43.259869 12.000000 38
3140 43.216610 12.000000 45
3141 43.173393 12.000000 35
3142 43.130219 12.000000 37
3143 43.087090 12.000000 40
3144 43.044003 12.000000 38
3145 43.000957 12.000000 37
3146 42.957958 12.000000 40
3147 42.915001 12.000000 41
3148 42.872086 12.000000 42
3149 42.829212 12.000000 36
3150 42.786385 12.000000 40
3151 42.743599 12.000000 37
3152 42.700855 12.000000 36
3153 42.658154 12.000000 37
3154 42.615498 12.000000 34
3155 42.572884 12.000000 40
3156 42.530312 12.000000 39
3157 42.487782 12.000000 37
3158 42.445293 12.000000 36
3159 42.402847 12.000000 40
3160 42.360443 12.000000 41
3161 42.318085 12.000000 37
3162 42.275768 12.000000 42
3163 42.233494 12.000000 43
3164 42.191261 12.000000 44
3165 42.149071 12.000000 34
3166 42.106922 12.000000 38
3167 42.064816 12.000000 37
3168 42.022751 12.000000 42
3169 41.980728 12.000000 36
3170 41.938747 12.000000 36
3171 41.896809 12.000000 42
3172 41.854912 12.000000 38
3173 41.813057 12.000000 41
3174 41.771244 12.000000 32
3175 41.729473 12.000000 44
3176 41.687744 12.000000 36
3177 41.646057 12.000000 40
3178 41.604412 12.000000 32
3179 41.562809 12.000000 39
3180 41.521248 12.000000 38
3181 41.479729 12.000000 33
3182 41.438248 12.000000 41
3183 41.396809 12.000000 40
3184 41.355412 12.000000 32
3185 41.314056 12.000000 39
3186 41.272743 12.000000 31
3187 41.231472 12.000000 45
3188 41.190243 12.000000 39
3189 41.149052 12.000000 36
3190 41.107903 12.000000 40
3191 41.066795 12.000000 43
3192 41.025730 12.000000 40
3193 40.984703 12.000000 42
3194 40.943718 12.000000 39
3195 40.902775 12.000000 32
3196 40.861874 12.000000 41
3197 40.821011 12.000000 37
3198 40.780190 12.000000 40
3199 40.739410 12.000000 36
3200 40.698673 12.000000 42
3201 40.657974 12.000000 42
3202 40.617317 12.000000 41
3203 40.576702 12.000000 38
3204 40.536125 12.000000 33
3205 40.495590 12.000000 43
3206 40.455093 12.000000 36
3207 40.414639 12.000000 36
3208 40.374226 12.000000 45
3209 40.333851 12.000000 37
3210 40.293518 12.000000 44
3211 40.253223 12.000000 34
3212 40.212971 12.000000 43
3213 40.172760 12.000000 38
3214 40.132587 12.000000 39
3215 40.092457 12.000000 43
3216 40.052364 12.000000 38
3217 40.012314 12.000000 40
3218 39.972301 12.000000 36
3219 39.932331 12.000000 34
3220 39.892399 12.000000 36
3221 39.852509 12.000000 40
3222 39.812656 12.000000 44
3223 39.772842 12.000000 40
3224 39.733070 12.000000 39
3225 39.693336 12.000000 35
3226 39.653645 12.000000 39
3227 39.613991 12.000000 36
3228 39.574379 12.000000 46
3229 39.534805 12.000000 37
3230 39.495270 12.000000 41
3231 39.455776 12.000000 36
3232 39.416321 12.000000 37
3233 39.376904 12.000000 42
3234 39.337528 12.000000 35
3235 39.298191 12.000000 37
3236 39.258892 12.000000 39
3237 39.219635 12.000000 40
3238 39.180416 12.000000 41
3239 39.141235 12.000000 38
3240 39.102093 12.000000 38
3241 39.062992 12.000000 44
3242 39.023930 12.000000 34
3243 38.984905 12.000000 40
3244 38.945919 12.000000 46
3245 38.906975 12.000000 38
3246 38.868069 12.000000 38
3247 38.829201 12.000000 48
3248 38.790371 12.000000 31
3249 38.751579 12.000000 42
3250 38.712830 10.000000 37
3251 38.674118 10.000000 44
3252 38.635445 10.000000 38
3253 38.596809 10.000000 34
3254 38.558212 10.000000 35
3255 38.519653 10.000000 38
3256 38.481133 10.000000 34
3257 38.442654 10.000000 34
3258 38.404213 10.000000 39
3259 38.365810 10.000000 37
3260 38.327446 10.000000 41
3261 38.289120 10.000000 38
3262 38.250832 10.000000 39
3263 38.212582 10.000000 42
3264 38.174370 10.000000 42
3265 38.136196 10.000000 41
3266 38.098061 10.000000 39
3267 38.059963 10.000000 36
3268 38.021904 10.000000 34
3269 37.983883 10.000000 38
3270 37.945900 10.000000 37
3271 37.907955 10.000000 35
3272 37.870049 10.000000 43
3273 37.832180 10.000000 41
3274 37.794350 10.000000 41
3275 37.756557 10.000000 40
3276 37.718800 10.000000 38
3277 37.681080 10.000000 42
3278 37.643398 10.000000 43
3279 37.605755 10.000000 41
3280 37.568150 10.000000 40
3281 37.530582 10.000000 37
3282 37.493053 10.000000 33
3283 37.455563 10.000000 38
3284 37.418106 10.000000 37
3285 37.380688 10.000000 38
3286 37.343307 10.000000 37
3287 37.305965 10.000000 37
3288 37.268661 10.000000 32
3289 37.231392 10.000000 37
3290 37.194160 10.000000 41
3291 37.156967 10.000000 41
3292 37.119812 10.000000 40
3293 37.082691 10.000000 42
3294 37.045609 10.000000 30
3295 37.008564 10.000000 41
3296 36.971558 10.000000 42
3297 36.934586 10.000000 36
3298 36.897652 10.000000 41
3299 36.860756 10.000000 42
3300 36.823895 10.000000 40
3301 36.787071 10.000000 39
3302 36.750286 10.000000 34
3303 36.713535 10.000000 37
3304 36.676823 10.000000 39
3305 36.640148 10.000000 37
3306 36.603508 10.000000 43
3307 36.566906 10.000000 39
3308 36.530338 10.000000 44
3309 36.493809 10.000000 39
3310 36.457314 10.000000 42
3311 36.420856 10.000000 36
3312 36.384438 10.000000 40
3313 36.348053 10.000000 40
3314 36.311707 10.000000 41
3315 36.275394 10.000000 40
3316 36.239120 10.000000 42
3317 36.202881 10.000000 35
3318 36.166679 10.000000 37
3319 36.130512 10.000000 41
3320 36.094383 10.000000 37
3321 36.058289 10.000000 34
3322 36.022232 10.000000 35
3323 35.986210 10.000000 39
3324 35.950226 10.000000 42
3325 35.914276 10.000000 31
3326 35.878361 10.000000 34
3327 35.842484 10.000000 31
3328 35.806641 10.000000 39
3329 35.770836 10.000000 36
3330 35.735065 10.000000 37
3331 35.699329 10.000000 42
3332 35.663631 10.000000 40
3333 35.627968 10.000000 39
3334 35.592339 10.000000 35
3335 35.556747 10.000000 36
3336 35.521191 10.000000 41
3337 35.485668 10.000000 40
3338 35.450184 10.000000 36
3339 35.414734 10.000000 40
3340 35.379318 10.000000 41
3341 35.343941 10.000000 34
3342 35.308598 10.000000 39
3343 35.273289 10.000000 38
3344 35.238014 10.000000 32
3345 35.202778 10.000000 42
3346 35.167576 10.000000 36
3347 35.132408 10.000000 44
3348 35.097275 10.000000 39
3349 35.062180 10.000000 45
3350 35.027119 10.000000 39
3351 34.992092 10.000000 34
3352 34.957100 10.000000 39
3353 34.922142 10.000000 38
3354 34.887218 10.000000 34
3355 34.852333 10.000000 37
3356 34.817482 10.000000 44
3357 34.782665 10.000000 35
3358 34.747883 10.000000 39
3359 34.713135 10.000000 37
3360 34.678421 10.000000 40
3361 34.643742 10.000000 36
3362 34.609097 10.000000 43
3363 34.574490 10.000000 42
3364 34.539917 10.000000 43
3365 34.505379 10.000000 35
3366 34.470875 10.000000 39
3367 34.436405 10.000000 40
3368 34.401970 10.000000 34
3369 34.367569 10.000000 38
3370 34.333202 10.000000 38
3371 34.298870 10.000000 43
3372 34.264572 10.000000 44
3373 34.230309 10.000000 41
3374 34.196079 10.000000 44
3375 34.161884 10.000000 35
3376 34.127724 10.000000 46
3377 34.093597 10.000000 37
3378 34.059505 10.000000 43
3379 34.025448 10.000000 40
3380 33.991425 10.000000 38
3381 33.957432 10.000000 35
3382 33.923473 10.000000 38
3383 33.889549 10.000000 35
3384 33.855659 10.000000 44
3385 33.821804 10.000000 42
3386 33.787983 10.000000 32
3387 33.754196 10.000000 32
3388 33.720444 10.000000 42
3389 33.686726 10.000000 37
3390 33.653038 10.000000 36
3391 33.619385 10.000000 37
3392 33.585766 10.000000 34
3393 33.552181 10.000000 33
3394 33.518631 10.000000 38
3395 33.485111 10.000000 38
3396 33.451626 10.000000 43
3397 33.418175 10.000000 41
3398 33.384758 10.000000 38
3399 33.351372 10.000000 42
3400 33.318020 10.000000 40
3401 33.284702 10.000000 42
3402 33.251419 10.000000 39
3403 33.218166 10.000000 35
3404 33.184948 10.000000 38
3405 33.151764 10.000000 31
3406 33.118614 10.000000 38
3407 33.085495 10.000000 39
3408 33.052410 10.000000 32
3409 33.019360 10.000000 42
3410 32.986340 10.000000 37
3411 32.953354 10.000000 36
3412 32.920403 10.000000 36
3413 32.887482 10.000000 36
3414 32.854595 10.000000 36
3415 32.821739 10.000000 47
3416 32.788918 10.000000 39
3417 32.756130 10.000000 35
3418 32.723373 10.000000 37
3419 32.690651 10.000000 39
3420 32.657959 10.000000 41
3421 32.625301 10.000000 39
3422 32.592678 10.000000 42
3423 32.560085 10.000000 31
3424 32.527527 10.000000 38
3425 32.494999 10.000000 41
3426 32.462505 10.000000 38
3427 32.430042 10.000000 35
3428 32.397614 10.000000 42
3429 32.365215 10.000000 40
3430 32.332851 10.000000 41
3431 32.300518 10.000000 39
3432 32.268219 10.000000 37
3433 32.235950 10.000000 41
3434 32.203716 10.000000 42
3435 32.171513 10.000000 38
3436 32.139343 10.000000 35
3437 32.107204 10.000000 36
3438 32.075096 10.000000 38
3439 32.043022 10.000000 41
3440 32.010979 10.000000 36
3441 31.978968 10.000000 40
3442 31.946989 10.000000 44
3443 31.915043 10.000000 36
3444 31.883129 10.000000 35
3445 31.851246 10.000000 43
3446 31.819395 10.000000 41
3447 31.787577 10.000000 40
3448 31.755789 10.000000 36
3449 31.724033 10.000000 40
3450 31.692310 10.000000 35
3451 31.660618 10.000000 43
3452 31.628958 10.000000 34
3453 31.597330 10.000000 35
3454 31.565733 10.000000 41
3455 31.534168 10.000000 37
3456 31.502634 10.000000 40
3457 31.471132 10.000000 36
3458 31.439661 10.000000 40
3459 31.408222 10.000000 39
3460 31.376814 10.000000 37
3461 31.345438 10.000000 41
3462 31.314093 10.000000 34
3463 31.282780 10.000000 38
3464 31.251497 10.000000 31
3465 31.220245 10.000000 40
3466 31.189026 10.000000 39
3467 31.157837 10.000000 36
3468 31.126680 10.000000 36
3469 31.095554 10.000000 34
3470 31.064459 10.000000 34
3471 31.033394 10.000000 34
3472 31.002361 10.000000 36
3473 30.971359 10.000000 34
3474 30.940388 10.000000 34
3475 30.909449 10.000000 39
3476 30.878540 10.000000 34
3477 30.847662 10.000000 42
3478 30.816814 10.000000 41
3479 30.785997 10.000000 32
3480 30.755211 10.000000 38
3481 30.724457 10.000000 34
3482 30.693733 10.000000 38
3483 30.663040 10.000000 40
3484 30.632378 10.000000 42
3485 30.601746 10.000000 36
3486 30.571144 10.000000 47
3487 30.540573 10.000000 36
3488 30.510033 10.000000 37
3489 30.479523 10.000000 35
3490 30.449043 10.000000 38
3491 30.418594 10.000000 34
3492 30.388176 10.000000 38
3493 30.357788 10.000000 42
3494 30.327431 10.000000 41
3495 30.297104 10.000000 37
3496 30.266808 10.000000 38
3497 30.236542 10.000000 38
3498 30.206306 10.000000 38
3499 30.176100 10.000000 36
3500 30.145924 10.000000 38
3501 30.115778 10.000000 40
3502 30.085663 10.000000 39
3503 30.055578 10.000000 28
3504 30.025522 10.000000 39
3505 29.995497 10.000000 36
3506 29.965502 10.000000 44
3507 29.935537 10.000000 40
3508 29.905602 10.000000 41
3509 29.875696 10.000000 42
3510 29.845821 10.000000 36
3511 29.815975 10.000000 41
3512 29.786160 10.000000 40
3513 29.756374 10.000000 36
3514 29.726618 10.000000 35
3515 29.696892 10.000000 36
3516 29.667194 10.000000 40
3517 29.637527 10.000000 32
3518 29.607891 10.000000 40
3519 29.578283 10.000000 39
3520 29.548706 10.000000 34
3521 29.519157 10.000000 38
3522 29.489639 10.000000 37
3523 29.460150 10.000000 38
3524 29.430691 10.000000 33
3525 29.401260 10.000000 37
3526 29.371859 10.000000 36
3527 29.342487 10.000000 40
3528 29.313145 10.000000 36
3529 29.283833 10.000000 39
3530 29.254549 10.000000 37
3531 29.225294 10.000000 39
3532 29.196070 10.000000 36
3533 29.166874 10.000000 37
3534 29.137707 10.000000 38
3535 29.108570 10.000000 37
3536 29.079462 10.000000 36
3537 29.050383 10.000000 42
3538 29.021332 10.000000 35
3539 28.992311 10.000000 44
3540 28.963320 10.000000 45
3541 28.934357 10.000000 43
3542 28.905422 10.000000 34
3543 28.876516 10.000000 37
3544 28.847641 10.000000 38
3545 28.818794 10.000000 32
3546 28.789976 10.000000 40
3547 28.761187 10.000000 32
3548 28.732426 10.000000 38
3549 28.703693 10.000000 40
3550 28.674990 10.000000 38
3551 28.646315 10.000000 35
3552 28.617668 10.000000 38
3553 28.589050 10.000000 34
3554 28.560461 10.000000 35
3555 28.531900 10.000000 38
3556 28.503368 10.000000 40
3557 28.474865 10.000000 39
3558 28.446390 10.000000 38
3559 28.417944 10.000000 39
3560 28.389526 10.000000 39
3561 28.361137 10.000000 35
3562 28.332777 10.000000 32
3563 28.304445 10.000000 42
3564 28.276142 10.000000 33
3565 28.247866 10.000000 40
3566 28.219618 10.000000 30
3567 28.191399 10.000000 35
3568 28.163208 10.000000 36
3569 28.135046 10.000000 41
3570 28.106911 10.000000 41
3571 28.078804 10.000000 39
3572 28.050726 10.000000 37
3573 28.022676 10.000000 41
3574 27.994654 10.000000 37
3575 27.966660 10.000000 35
3576 27.938694 10.000000 37
3577 27.910755 10.000000 40
3578 27.882845 10.000000 36
3579 27.854963 10.000000 36
3580 27.827108 10.000000 39
3581 27.799282 10.000000 39
3582 27.771482 10.000000 36
3583 27.743711 10.000000 42
3584 27.715967 10.000000 40
3585 27.688251 10.000000 37
3586 27.660564 10.000000 42
3587 27.632904 10.000000 33
3588 27.605272 10.000000 37
3589 27.577667 10.000000 36
3590 27.550091 10.000000 37
3591 27.522541 10.000000 38
3592 27.495018 10.000000 37
3593 27.467524 10.000000 37
3594 27.440056 10.000000 36
3595 27.412617 10.000000 40
3596 27.385204 10.000000 38
3597 27.357819 10.000000 32
3598 27.330462 10.000000 40
3599 27.303131 10.000000 40
3600 27.275827 10.000000 36
3601 27.248552 10.000000 43
3602 27.221304 10.000000 42
3603 27.194082 10.000000 40
3604 27.166889 10.000000 33
3605 27.139723 10.000000 35
3606 27.112583 10.000000 39
3607 27.085470 10.000000 33
3608 27.058386 10.000000 44
3609 27.031328 10.000000 43
3610 27.004297 10.000000 37
3611 26.977293 10.000000 43
3612 26.950315 10.000000 37
3613 26.923365 10.000000 35
3614 26.896442 10.000000 37
3615 26.869547 10.000000 41
3616 26.842678 10.000000 38
3617 26.815836 10.000000 37
3618 26.789021 10.000000 38
3619 26.762232 10.000000 43
3620 26.735470 10.000000 38
3621 26.708735 10.000000 36
3622 26.682026 10.000000 34
3623 26.655344 10.000000 37
3624 26.628689 10.000000 38
3625 26.602060 10.000000 38
3626 26.575459 10.000000 34
3627 26.548883 10.000000 34
3628 26.522335 10.000000 44
3629 26.495813 10.000000 35
3630 26.469318 10.000000 36
3631 26.442850 10.000000 40
3632 26.416409 10.000000 37
3633 26.389992 10.000000 42
3634 26.363602 10.000000 43
3635 26.337238 10.000000 44
3636 26.310902 10.000000 43
3637 26.284592 10.000000 40
3638 26.258307 10.000000 40
3639 26.232048 10.000000 41
3640 26.205816 10.000000 44
3641 26.179611 10.000000 40
3642 26.153433 10.000000 40
3643 26.127279 10.000000 35
3644 26.101152 10.000000 39
3645 26.075052 10.000000 35
3646 26.048977 10.000000 37
3647 26.022928 10.000000 40
3648 25.996906 10.000000 30
3649 25.970909 10.000000 37
3650 25.944939 10.000000 36
3651 25.918995 10.000000 35
3652 25.893076 10.000000 40
3653 25.867184 10.000000 37
3654 25.841316 10.000000 35
3655 25.815475 10.000000 39
3656 25.789660 10.000000 35
3657 25.763870 10.000000 39
3658 25.738106 10.000000 40
3659 25.712368 10.000000 38
3660 25.686655 10.000000 35
3661 25.660969 10.000000 41
3662 25.635307 10.000000 32
3663 25.609673 10.000000 39
3664 25.584063 10.000000 37
3665 25.558479 10.000000 40
3666 25.532921 10.000000 37
3667 25.507389 10.000000 33
3668 25.481882 10.000000 36
3669 25.456400 10.000000 38
3670 25.430944 10.000000 44
3671 25.405514 10.000000 33
3672 25.380108 10.000000 37
3673 25.354729 10.000000 38
3674 25.329374 10.000000 35
3675 25.304045 10.000000 40
3676 25.278742 10.000000 44
3677 25.253464 10.000000 41
3678 25.228210 10.000000 45
3679 25.202982 10.000000 40
3680 25.177780 10.000000 35
3681 25.152603 10.000000 35
3682 25.127451 10.000000 36
3683 25.102324 10.000000 33
3684 25.077221 10.000000 37
3685 25.052143 10.000000 43
3686 25.027092 10.000000 40
3687 25.002066 10.000000 38
3688 24.977064 10.000000 39
3689 24.952087 10.000000 41
3690 24.927135 10.000000 32
3691 24.902208 10.000000 38
3692 24.877306 10.000000 41
3693 24.852428 10.000000 39
3694 24.827576 10.000000 43
3695 24.802748 10.000000 34
3696 24.777945 10.000000 43
3697 24.753166 10.000000 38
3698 24.728413 10.000000 32
3699 24.703684 10.000000 39
3700 24.678980 10.000000 39
3701 24.654301 10.000000 35
3702 24.629646 10.000000 40
3703 24.605017 10.000000 34
3704 24.580412 10.000000 40
3705 24.555832 10.000000 36
3706 24.531277 10.000000 35
3707 24.506746 10.000000 35
3708 24.482241 10.000000 40
3709 24.457758 10.000000 35
3710 24.433300 10.000000 42
3711 24.408867 10.000000 37
3712 24.384459 10.000000 38
3713 24.360075 10.000000 36
3714 24.335714 10.000000 42
3715 24.311378 10.000000 39
3716 24.287067 10.000000 35
3717 24.262781 10.000000 39
3718 24.238518 10.000000 38
3719 24.214279 10.000000 37
3720 24.190065 10.000000 40
3721 24.165876 10.000000 34
3722 24.141710 10.000000 37
3723 24.117569 10.000000 45
3724 24.093452 10.000000 31
3725 24.069359 10.000000 37
3726 24.045290 10.000000 37
3727 24.021246 10.000000 42
3728 23.997225 10.000000 33
3729 23.973228 10.000000 37
3730 23.949255 10.000000 35
3731 23.925306 10.000000 43
3732 23.901381 10.000000 33
3733 23.877480 10.000000 36
3734 23.853601 10.000000 26
3735 23.829748 10.000000 38
3736 23.805920 10.000000 37
3737 23.782114 10.000000 36
3738 23.758331 10.000000 39
3739 23.734573 10.000000 37
3740 23.710838 10.000000 40
3741 23.687128 10.000000 34
3742 23.663441 10.000000 40
3743 23.639778 10.000000 38
3744 23.616138 10.000000 40
3745 23.592524 10.000000 39
3746 23.568932 10.000000 36
3747 23.545362 10.000000 41
3748 23.521818 10.000000 36
3749 23.498297 10.000000 32
3750 23.474798 10.000000 42
3751 23.451324 10.000000 31
3752 23.427874 10.000000 35
3753 23.404446 10.000000 37
3754 23.381041 10.000000 42
3755 23.357660 10.000000 38
3756 23.334303 10.000000 33
3757 23.310968 10.000000 36
3758 23.287657 10.000000 35
3759 23.264370 10.000000 41
3760 23.241106 10.000000 33
3761 23.217865 10.000000 35
3762 23.194647 10.000000 41
3763 23.171452 10.000000 35
3764 23.148281 10.000000 33
3765 23.125134 10.000000 33
3766 23.102009 10.000000 41
3767 23.078907 10.000000 36
3768 23.055828 10.000000 40
3769 23.032772 10.000000 35
3770 23.009739 10.000000 35
3771 22.986729 10.000000 39
3772 22.963741 10.000000 37
3773 22.940779 10.000000 38
3774 22.917839 10.000000 38
3775 22.894922 10.000000 36
3776 22.872028 10.000000 40
3777 22.849157 10.000000 36
3778 22.826309 10.000000 44
3779 22.803484 10.000000 36
3780 22.780682 10.000000 38
3781 22.757902 10.000000 35
3782 22.735144 10.000000 40
3783 22.712408 10.000000 41
3784 22.689695 10.000000 34
3785 22.667006 10.000000 31
3786 22.644339 10.000000 35
3787 22.621695 10.000000 38
3788 22.599073 10.000000 33
3789 22.576475 10.000000 40
3790 22.553900 10.000000 37
3791 22.531345 10.000000 35
3792 22.508814 10.000000 36
3793 22.486305 10.000000 33
3794 22.463820 10.000000 35
3795 22.441357 10.000000 40
3796 22.418915 10.000000 42
3797 22.396496 10.000000 38
3798 22.374100 10.000000 39
3799 22.351727 10.000000 41
3800 22.329374 10.000000 39
3801 22.307045 10.000000 29
3802 22.284739 10.000000 38
3803 22.262455 10.000000 43
3804 22.240192 10.000000 34
3805 22.217953 10.000000 37
3806 22.195736 10.000000 39
3807 22.173540 10.000000 35
3808 22.151367 10.000000 38
3809 22.129215 10.000000 35
3810 22.107086 10.000000 35
3811 22.084980 10.000000 45
3812 22.062895 10.000000 42
3813 22.040833 10.000000 37
3814 22.018791 10.000000 38
3815 21.996773 10.000000 38
3816 21.974777 10.000000 34
3817 21.952803 10.000000 38
3818 21.930851 10.000000 36
3819 21.908920 10.000000 35
3820 21.887012 10.000000 37
3821 21.865126 10.000000 35
3822 21.843262 10.000000 33
3823 21.821419 10.000000 40
3824 21.799597 10.000000 36
3825 21.777798 10.000000 35
3826 21.756020 10.000000 34
3827 21.734264 10.000000 34
3828 21.712530 10.000000 40
3829 21.690819 10.000000 35
3830 21.669128 10.000000 40
3831 21.647459 10.000000 32
3832 21.625813 10.000000 37
3833 21.604187 10.000000 41
3834 21.582582 10.000000 33
3835 21.561001 10.000000 40
3836 21.539440 10.000000 35
3837 21.517900 10.000000 34
3838 21.496384 10.000000 35
3839 21.474888 10.000000 41
3840 21.453413 10.000000 33
3841 21.431959 10.000000 38
3842 21.410528 10.000000 36
3843 21.389118 10.000000 37
3844 21.367729 10.000000 38
3845 21.346361 10.000000 40
3846 21.325016 10.000000 42
3847 21.303692 10.000000 40
3848 21.282389 10.000000 41
3849 21.261106 10.000000 41
3850 21.239845 10.000000 28
3851 21.218605 10.000000 38
3852 21.197386 10.000000 43
3853 21.176189 10.000000 37
3854 21.155014 10.000000 31
3855 21.133860 10.000000 36
3856 21.112726 10.000000 29
3857 21.091614 10.000000 37
3858 21.070522 10.000000 39
3859 21.049452 10.000000 40
3860 21.028402 10.000000 42
3861 21.007374 10.000000 32
3862 20.986366 10.000000 35
3863 20.965380 10.000000 32
3864 20.944414 10.000000 36
3865 20.923470 10.000000 38
3866 20.902546 10.000000 35
3867 20.881643 10.000000 37
3868 20.860762 10.000000 34
3869 20.839901 10.000000 34
3870 20.819061 10.000000 42
3871 20.798243 10.000000 35
3872 20.777445 10.000000 42
3873 20.756668 10.000000 40
3874 20.735912 10.000000 34
3875 20.715178 10.000000 34
3876 20.694462 10.000000 38
3877 20.673767 10.000000 39
3878 20.653093 10.000000 32
3879 20.632441 10.000000 35
3880 20.611809 10.000000 36
3881 20.591198 10.000000 36
3882 20.570606 10.000000 36
3883 20.550035 10.000000 36
3884 20.529486 10.000000 37
3885 20.508957 10.000000 40
3886 20.488449 10.000000 41
3887 20.467960 10.000000 37
3888 20.447493 10.000000 37
3889 20.427046 10.000000 39
3890 20.406618 10.000000 35
3891 20.386211 10.000000 38
3892 20.365826 10.000000 31
3893 20.345461 10.000000 37
3894 20.325115 10.000000 35
3895 20.304790 10.000000 41
3896 20.284487 10.000000 37
3897 20.264202 10.000000 37
3898 20.243938 10.000000 37
3899 20.223694 10.000000 33
3900 20.203470 10.000000 38
3901 20.183268 10.000000 36
3902 20.163084 10.000000 39
3903 20.142921 10.000000 29
3904 20.122778 10.000000 36
3905 20.102655 10.000000 37
3906 20.082554 10.000000 40
3907 20.062471 10.000000 40
3908 20.042410 10.000000 39
3909 20.022367 10.000000 34
3910 20.002346 10.000000 33
3911 19.982344 10.000000 40
3912 19.962362 10.000000 35
3913 19.942400 10.000000 32
3914 19.922459 10.000000 34
3915 19.902536 10.000000 33
3916 19.882633 10.000000 37
3917 19.862751 10.000000 35
3918 19.842888 10.000000 38
3919 19.823046 10.000000 39
3920 19.803223 10.000000 35
3921 19.783421 10.000000 38
3922 19.763638 10.000000 38
3923 19.743874 10.000000 36
3924 19.724131 10.000000 39
3925 19.704407 10.000000 36
3926 19.684702 10.000000 40
3927 19.665018 10.000000 36
3928 19.645353 10.000000 37
3929 19.625708 10.000000 38
3930 19.606083 10.000000 32
3931 19.586477 10.000000 31
3932 19.566891 10.000000 34
3933 19.547323 10.000000 38
3934 19.527777 10.000000 33
3935 19.508249 10.000000 40
3936 19.488741 10.000000 35
3937 19.469252 10.000000 36
3938 19.449783 10.000000 42
3939 19.430334 10.000000 34
3940 19.410904 10.000000 36
3941 19.391493 10.000000 39
3942 19.372101 10.000000 37
3943 19.352730 10.000000 32
3944 19.333378 10.000000 34
3945 19.314045 10.000000 38
3946 19.294731 10.000000 36
3947 19.275436 10.000000 41
3948 19.256161 10.000000 35
3949 19.236904 10.000000 36
3950 19.217667 10.000000 31
3951 19.198450 10.000000 29
3952 19.179253 10.000000 34
3953 19.160074 10.000000 39
3954 19.140915 10.000000 35
3955 19.121775 10.000000 37
3956 19.102654 10.000000 33
3957 19.083551 10.000000 36
3958 19.064468 10.000000 36
3959 19.045404 10.000000 32
3960 19.026360 10.000000 36
3961 19.007334 10.000000 37
3962 18.988327 10.000000 34
3963 18.969339 10.000000 32
3964 18.950371 10.000000 39
3965 18.931421 10.000000 33
3966 18.912491 10.000000 37
3967 18.893579 10.000000 28
3968 18.874685 10.000000 32
3969 18.855810 10.000000 35
3970 18.836954 10.000000 38
3971 18.818117 10.000000 37
3972 18.799299 10.000000 34
3973 18.780500 10.000000 34
3974 18.761721 10.000000 35
3975 18.742960 10.000000 36
3976 18.724216 10.000000 34
3977 18.705492 10.000000 41
3978 18.686787 10.000000 38
3979 18.668100 10.000000 39
3980 18.649433 10.000000 38
3981 18.630783 10.000000 38
3982 18.612152 10.000000 38
3983 18.593540 10.000000 37
3984 18.574947 10.000000 35
3985 18.556374 10.000000 39
3986 18.537817 10.000000 32
3987 18.519279 10.000000 34
3988 18.500761 10.000000 38
3989 18.482260 10.000000 34
3990 18.463778 10.000000 38
3991 18.445314 10.000000 36
3992 18.426868 10.000000 38
3993 18.408442 10.000000 37
3994 18.390034 10.000000 35
3995 18.371643 10.000000 34
3996 18.353271 10.000000 44
3997 18.334919 10.000000 37
3998 18.316584 10.000000 32
3999 18.298267 10.000000 39
4000 18.279970 10.000000 35
4001 18.261690 10.000000 43
4002 18.243429 10.000000 32
4003 18.225185 10.000000 40
4004 18.206961 10.000000 35
4005 18.188753 10.000000 37
4006 18.170565 10.000000 38
4007 18.152395 10.000000 36
4008 18.134243 10.000000 37
4009 18.116110 10.000000 35
4010 18.097994 10.000000 40
4011 18.079897 10.000000 36
4012 18.061817 10.000000 38
4013 18.043756 10.000000 36
4014 18.025713 10.000000 33
4015 18.007687 10.000000 37
4016 17.989679 10.000000 38
4017 17.971689 10.000000 39
4018 17.953718 10.000000 30
4019 17.935764 10.000000 36
4020 17.917830 10.000000 40
4021 17.899912 10.000000 36
4022 17.882011 10.000000 37
4023 17.864130 10.000000 34
4024 17.846266 10.000000 37
4025 17.828421 10.000000 39
4026 17.810593 10.000000 38
4027 17.792782 10.000000 34
4028 17.774990 10.000000 38
4029 17.757215 10.000000 39
4030 17.739458 10.000000 34
4031 17.721720 10.000000 34
4032 17.703999 10.000000 33
4033 17.686295 10.000000 41
4034 17.668608 10.000000 42
4035 17.650940 10.000000 36
4036 17.633289 10.000000 39
4037 17.615656 10.000000 39
4038 17.598040 10.000000 37
4039 17.580442 10.000000 33
4040 17.562862 10.000000 36
4041 17.545300 10.000000 42
4042 17.527754 10.000000 36
4043 17.510227 10.000000 31
4044 17.492718 10.000000 39
4045 17.475225 10.000000 32
4046 17.457750 10.000000 37
4047 17.440292 10.000000 32
4048 17.422852 10.000000 30
4049 17.405430 10.000000 40
4050 17.388025 10.000000 39
4051 17.370638 10.000000 38
4052 17.353268 10.000000 32
4053 17.335915 10.000000 37
4054 17.318579 10.000000 37
4055 17.301260 10.000000 36
4056 17.283958 10.000000 36
4057 17.266674 10.000000 32
4058 17.249407 10.000000 38
4059 17.232157 10.000000 35
4060 17.214926 10.000000 34
4061 17.197712 10.000000 36
4062 17.180515 10.000000 37
4063 17.163336 10.000000 33
4064 17.146173 10.000000 42
4065 17.129028 10.000000 39
4066 17.111900 10.000000 31
4067 17.094790 10.000000 40
4068 17.077696 10.000000 32
4069 17.060617 10.000000 34
4070 17.043556 10.000000 34
4071 17.026512 10.000000 34
4072 17.009485 10.000000 40
4073 16.992476 10.000000 38
4074 16.975483 10.000000 36
4075 16.958508 10.000000 38
4076 16.941549 10.000000 36
4077 16.924608 10.000000 31
4078 16.907684 10.000000 43
4079 16.890778 10.000000 35
4080 16.873886 10.000000 33
4081 16.857012 10.000000 41
4082 16.840155 10.000000 34
4083 16.823315 10.000000 33
4084 16.806492 10.000000 33
4085 16.789686 10.000000 30
4086 16.772896 10.000000 37
4087 16.756123 10.000000 37
4088 16.739367 10.000000 34
4089 16.722628 10.000000 29
4090 16.705906 10.000000 38
4091 16.689199 10.000000 32
4092 16.672510 10.000000 32
4093 16.655838 10.000000 33
4094 16.639183 10.000000 33
4095 16.622543 10.000000 32
4096 16.605921 10.000000 34
4097 16.589315 10.000000 37
4098 16.572727 10.000000 37
4099 16.556154 10.000000 33
4100 16.539598 10.000000 39
4101 16.523060 10.000000 34
4102 16.506536 10.000000 39
4103 16.490030 10.000000 33
4104 16.473541 10.000000 32
4105 16.457067 10.000000 36
4106 16.440611 10.000000 35
4107 16.424170 10.000000 35
4108 16.407745 10.000000 31
4109 16.391338 10.000000 38
4110 16.374947 10.000000 36
4111 16.358572 10.000000 32
4112 16.342215 10.000000 38
4113 16.325872 10.000000 35
4114 16.309547 10.000000 36
4115 16.293238 10.000000 36
4116 16.276945 10.000000 40
4117 16.260668 10.000000 33
4118 16.244408 10.000000 37
4119 16.228163 10.000000 38
4120 16.211935 10.000000 38
4121 16.195723 10.000000 38
4122 16.179527 10.000000 36
4123 16.163347 10.000000 38
4124 16.147184 10.000000 33
4125 16.131037 10.000000 35
4126 16.114906 10.000000 40
4127 16.098791 10.000000 38
4128 16.082693 10.000000 29
4129 16.066610 10.000000 40
4130 16.050545 10.000000 39
4131 16.034494 10.000000 32
4132 16.018459 10.000000 36
4133 16.002441 10.000000 38
4134 15.986439 10.000000 31
4135 15.970452 10.000000 36
4136 15.954482 10.000000 27
4137 15.938528 10.000000 38
4138 15.922589 10.000000 36
4139 15.906667 10.000000 38
4140 15.890760 10.000000 30
4141 15.874870 10.000000 33
4142 15.858995 10.000000 34
4143 15.843137 10.000000 36
4144 15.827293 10.000000 35
4145 15.811466 10.000000 39
4146 15.795655 10.000000 35
4147 15.779860 10.000000 39
4148 15.764080 10.000000 28
4149 15.748316 10.000000 32
4150 15.732568 10.000000 33
4151 15.716835 10.000000 33
4152 15.701118 10.000000 40
4153 15.685417 10.000000 37
4154 15.669732 10.000000 35
4155 15.654062 10.000000 31
4156 15.638409 10.000000 38
4157 15.622770 10.000000 35
4158 15.607148 10.000000 36
4159 15.591541 10.000000 33
4160 15.575950 10.000000 40
4161 15.560374 10.000000 38
4162 15.544814 10.000000 38
4163 15.529269 10.000000 39
4164 15.513741 10.000000 35
4165 15.498227 10.000000 40
4166 15.482729 10.000000 35
4167 15.467246 10.000000 39
4168 15.451779 10.000000 32
4169 15.436328 10.000000 38
4170 15.420892 10.000000 30
4171 15.405471 10.000000 37
4172 15.390065 10.000000 35
4173 15.374676 10.000000 33
4174 15.359302 10.000000 35
4175 15.343943 10.000000 38
4176 15.328599 10.000000 41
4177 15.313271 10.000000 35
4178 15.297957 10.000000 38
4179 15.282660 10.000000 31
4180 15.267377 10.000000 33
4181 15.252110 10.000000 35
4182 15.236857 10.000000 34
4183 15.221621 10.000000 38
4184 15.206399 10.000000 34
4185 15.191193 10.000000 32
4186 15.176002 10.000000 32
4187 15.160826 10.000000 30
4188 15.145665 10.000000 32
4189 15.130520 10.000000 33
4190 15.115390 10.000000 39
4191 15.100275 10.000000 35
4192 15.085175 10.000000 31
4193 15.070089 10.000000 33
4194 15.055019 10.000000 28
4195 15.039965 10.000000 36
4196 15.024925 10.000000 39
4197 15.009900 10.000000 32
4198 14.994890 10.000000 37
4199 14.979896 10.000000 36
4200 14.964916 10.000000 32
4201 14.949951 10.000000 37
4202 14.935001 10.000000 33
4203 14.920067 10.000000 37
4204 14.905147 10.000000 34
4205 14.890242 10.000000 27
4206 14.875352 10.000000 40
4207 14.860476 10.000000 40
4208 14.845616 10.000000 31
4209 14.830770 10.000000 28
4210 14.815940 10.000000 27
4211 14.801125 10.000000 33
4212 14.786324 10.000000 30
4213 14.771538 10.000000 33
4214 14.756766 10.000000 34
4215 14.742010 10.000000 36
4216 14.727268 10.000000 35
4217 14.712542 10.000000 33
4218 14.697829 10.000000 36
4219 14.683131 10.000000 38
4220 14.668448 10.000000 31
4221 14.653780 10.000000 35
4222 14.639127 10.000000 36
4223 14.624488 10.000000 36
4224 14.609863 10.000000 37
4225 14.595254 10.000000 34
4226 14.580659 10.000000 35
4227 14.566078 10.000000 31
4228 14.551513 10.000000 36
4229 14.536962 10.000000 31
4230 14.522425 10.000000 31
4231 14.507902 10.000000 34
4232 14.493395 10.000000 32
4233 14.478902 10.000000 33
4234 14.464423 10.000000 39
4235 14.449959 10.000000 30
4236 14.435509 10.000000 34
4237 14.421073 10.000000 33
4238 14.406652 10.000000 36
4239 14.392246 10.000000 34
4240 14.377854 10.000000 39
4241 14.363477 10.000000 37
4242 14.349113 10.000000 36
4243 14.334764 10.000000 34
4244 14.320430 10.000000 34
4245 14.306109 10.000000 35
4246 14.291803 10.000000 36
4247 14.277512 10.000000 34
4248 14.263234 10.000000 37
4249 14.248971 10.000000 37
4250 14.234722 10.000000 35
4251 14.220488 10.000000 37
4252 14.206267 10.000000 32
4253 14.192061 10.000000 32
4254 14.177870 10.000000 28
4255 14.163692 10.000000 39
4256 14.149529 10.000000 28
4257 14.135379 10.000000 33
4258 14.121243 10.000000 35
4259 14.107122 10.000000 39
4260 14.093016 10.000000 37
4261 14.078923 10.000000 36
4262 14.064844 10.000000 36
4263 14.050779 10.000000 36
4264 14.036729 10.000000 34
4265 14.022693 10.000000 31
4266 14.008670 10.000000 32
4267 13.994661 10.000000 37
4268 13.980667 10.000000 32
4269 13.966686 10.000000 36
4270 13.952720 10.000000 36
4271 13.938767 10.000000 32
4272 13.924829 10.000000 38
4273 13.910904 10.000000 37
4274 13.896994 10.000000 26
4275 13.883097 10.000000 32
4276 13.869214 10.000000 35
4277 13.855345 10.000000 34
4278 13.841490 10.000000 39
4279 13.827648 10.000000 40
4280 13.813821 10.000000 32
4281 13.800007 10.000000 32
4282 13.786207 10.000000 34
4283 13.772421 10.000000 37
4284 13.758649 10.000000 35
4285 13.744890 10.000000 34
4286 13.731146 10.000000 32
4287 13.717415 10.000000 35
4288 13.703697 10.000000 40
4289 13.689994 10.000000 34
4290 13.676304 10.000000 40
4291 13.662628 10.000000 30
4292 13.648966 10.000000 33
4293 13.635317 10.000000 31
4294 13.621682 10.000000 35
4295 13.608061 10.000000 37
4296 13.594453 10.000000 29
4297 13.580858 10.000000 32
4298 13.567278 10.000000 33
4299 13.553711 10.000000 45
4300 13.540157 10.000000 37
4301 13.526617 10.000000 30
4302 13.513090 10.000000 33
4303 13.499578 10.000000 31
4304 13.486078 10.000000 33
4305 13.472592 10.000000 32
4306 13.459120 10.000000 33
4307 13.445661 10.000000 38
4308 13.432215 10.000000 30
4309 13.418782 10.000000 34
4310 13.405364 10.000000 41
4311 13.391959 10.000000 31
4312 13.378568 10.000000 38
4313 13.365190 10.000000 32
4314 13.351825 10.000000 31
4315 13.338473 10.000000 33
4316 13.325135 10.000000 37
4317 13.311810 10.000000 37
4318 13.298499 10.000000 29
4319 13.285201 10.000000 36
4320 13.271916 10.000000 33
4321 13.258645 10.000000 29
4322 13.245386 10.000000 30
4323 13.232141 10.000000 29
4324 13.218908 10.000000 37
4325 13.205689 10.000000 32
4326 13.192484 10.000000 36
4327 13.179292 10.000000 29
4328 13.166113 10.000000 30
4329 13.152947 10.000000 31
4330 13.139794 10.000000 34
4331 13.126655 10.000000 32
4332 13.113528 10.000000 34
4333 13.100415 10.000000 35
4334 13.087315 10.000000 37
4335 13.074227 10.000000 36
4336 13.061153 10.000000 39
4337 13.048093 10.000000 36
4338 13.035045 10.000000 29
4339 13.022010 10.000000 35
4340 13.008988 10.000000 30
4341 12.995979 10.000000 29
4342 12.982984 10.000000 31
4343 12.970001 10.000000 43
4344 12.957031 10.000000 31
4345 12.944075 10.000000 29
4346 12.931130 10.000000 35
4347 12.918200 10.000000 34
4348 12.905281 10.000000 41
4349 12.892376 10.000000 32
4350 12.879484 10.000000 33
4351 12.866605 10.000000 39
4352 12.853739 10.000000 38
4353 12.840885 10.000000 33
4354 12.828045 10.000000 36
4355 12.815217 10.000000 36
4356 12.802402 10.000000 35
4357 12.789599 10.000000 33
4358 12.776810 10.000000 33
4359 12.764033 10.000000 36
4360 12.751269 10.000000 36
4361 12.738518 10.000000 34
4362 12.725780 10.000000 31
4363 12.713054 10.000000 31
4364 12.700341 10.000000 40
4365 12.687641 10.000000 39
4366 12.674953 10.000000 31
4367 12.662279 10.000000 31
4368 12.649617 10.000000 37
4369 12.636968 10.000000 37
4370 12.624331 10.000000 34
4371 12.611707 10.000000 31
4372 12.599095 10.000000 36
4373 12.586496 10.000000 31
4374 12.573910 10.000000 31
4375 12.561336 10.000000 31
4376 12.548775 10.000000 31
4377 12.536226 10.000000 34
4378 12.523690 10.000000 28
4379 12.511167 10.000000 29
4380 12.498655 10.000000 33
4381 12.486156 10.000000 39
4382 12.473670 10.000000 38
4383 12.461197 10.000000 32
4384 12.448736 10.000000 37
4385 12.436288 10.000000 33
4386 12.423852 10.000000 35
4387 12.411428 10.000000 36
4388 12.399017 10.000000 31
4389 12.386619 10.000000 35
4390 12.374232 10.000000 34
4391 12.361858 10.000000 35
4392 12.349497 10.000000 34
4393 12.337148 10.000000 36
4394 12.324811 10.000000 36
4395 12.312487 10.000000 36
4396 12.300175 10.000000 29
4397 12.287874 10.000000 32
4398 12.275586 10.000000 30
4399 12.263310 10.000000 32
4400 12.251047 10.000000 37
4401 12.238796 10.000000 33
4402 12.226558 10.000000 35
4403 12.214332 10.000000 34
4404 12.202118 10.000000 39
4405 12.189916 10.000000 32
4406 12.177726 10.000000 41
4407 12.165548 10.000000 32
4408 12.153383 10.000000 33
4409 12.141230 10.000000 35
4410 12.129088 10.000000 31
4411 12.116960 10.000000 38
4412 12.104843 10.000000 31
4413 12.092738 10.000000 33
4414 12.080646 10.000000 36
4415 12.068565 10.000000 34
4416 12.056497 10.000000 34
4417 12.044440 10.000000 30
4418 12.032396 10.000000 36
4419 12.020364 10.000000 36
4420 12.008344 10.000000 38
4421 11.996336 10.000000 31
4422 11.984340 10.000000 32
4423 11.972356 10.000000 30
4424 11.960383 10.000000 34
4425 11.948423 10.000000 34
4426 11.936475 10.000000 37
4427 11.924539 10.000000 33
4428 11.912614 10.000000 30
4429 11.900702 10.000000 36
4430 11.888801 10.000000 36
4431 11.876912 10.000000 32
4432 11.865035 10.000000 34
4433 11.853170 10.000000 32
4434 11.841317 10.000000 36
4435 11.829476 10.000000 31
4436 11.817647 10.000000 27
4437 11.805829 10.000000 38
4438 11.794024 10.000000 27
4439 11.782229 10.000000 29
4440 11.770448 10.000000 41
4441 11.758677 10.000000 35
4442 11.746919 10.000000 34
4443 11.735172 10.000000 33
4444 11.723437 10.000000 28
4445 11.711714 10.000000 35
4446 11.700003 10.000000 31
4447 11.688303 10.000000 32
4448 11.676615 10.000000 33
4449 11.664938 10.000000 32
4450 11.653274 10.000000 31
4451 11.641621 10.000000 34
4452 11.629979 10.000000 39
4453 11.618349 10.000000 31
4454 11.606730 10.000000 35
4455 11.595124 10.000000 33
4456 11.583529 10.000000 28
4457 11.571946 10.000000 34
4458 11.560374 10.000000 30
4459 11.548814 10.000000 30
4460 11.537265 10.000000 33
4461 11.525727 10.000000 28
4462 11.514202 10.000000 37
4463 11.502688 10.000000 39
4464 11.491186 10.000000 25
4465 11.479695 10.000000 29
4466 11.468216 10.000000 30
4467 11.456748 10.000000 34
4468 11.445292 10.000000 33
4469 11.433846 10.000000 36
4470 11.422413 10.000000 33
4471 11.410991 10.000000 26
4472 11.399580 10.000000 31
4473 11.388181 10.000000 32
4474 11.376793 10.000000 37
4475 11.365417 10.000000 35
4476 11.354052 10.000000 35
4477 11.342698 10.000000 37
4478 11.331355 10.000000 30
4479 11.320024 10.000000 34
4480 11.308703 10.000000 34
4481 11.297395 10.000000 32
4482 11.286098 10.000000 37
4483 11.274812 10.000000 29
4484 11.263537 10.000000 36
4485 11.252274 10.000000 26
4486 11.241021 10.000000 28
4487 11.229780 10.000000 35
4488 11.218551 10.000000 32
4489 11.207333 10.000000 35
4490 11.196125 10.000000 29
4491 11.184929 10.000000 33
4492 11.173744 10.000000 27
4493 11.162571 10.000000 32
4494 11.151408 10.000000 40
4495 11.140257 10.000000 30
4496 11.129117 10.000000 35
4497 11.117988 10.000000 37
4498 11.106870 10.000000 35
4499 11.095763 10.000000 31
4500 11.084667 10.000000 33
4501 11.073583 10.000000 32
4502 11.062510 10.000000 33
4503 11.051447 10.000000 36
4504 11.040396 10.000000 29
4505 11.029355 10.000000 30
4506 11.018326 10.000000 31
4507 11.007308 10.000000 34
4508 10.996301 10.000000 31
4509 10.985305 10.000000 36
4510 10.974319 10.000000 27
4511 10.963346 10.000000 29
4512 10.952382 10.000000 37
4513 10.941430 10.000000 26
4514 10.930489 10.000000 29
4515 10.919559 10.000000 36
4516 10.908639 10.000000 38
4517 10.897731 10.000000 27
4518 10.886833 10.000000 35
4519 10.875946 10.000000 40
4520 10.865070 10.000000 26
4521 10.854205 10.000000 31
4522 10.843351 10.000000 31
4523 10.832508 10.000000 33
4524 10.821675 10.000000 35
4525 10.810854 10.000000 34
4526 10.800043 10.000000 34
4527 10.789243 10.000000 32
4528 10.778454 10.000000 35
4529 10.767675 10.000000 32
4530 10.756907 10.000000 33
4531 10.746151 10.000000 35
4532 10.735405 10.000000 28
4533 10.724669 10.000000 35
4534 10.713945 10.000000 31
4535 10.703232 10.000000 31
4536 10.692529 10.000000 36
4537 10.681836 10.000000 33
4538 10.671154 10.000000 36
4539 10.660483 10.000000 31
4540 10.649823 10.000000 31
4541 10.639174 10.000000 33
4542 10.628534 10.000000 33
4543 10.617906 10.000000 34
4544 10.607287 10.000000 34
4545 10.596681 10.000000 34
4546 10.586084 10.000000 36
4547 10.575499 10.000000 35
4548 10.564923 10.000000 28
4549 10.554358 10.000000 36
4550 10.543804 10.000000 32
4551 10.533260 10.000000 40
4552 10.522727 10.000000 28
4553 10.512204 10.000000 36
4554 10.501692 10.000000 34
4555 10.491190 10.000000 34
4556 10.480699 10.000000 34
4557 10.470218 10.000000 37
4558 10.459747 10.000000 34
4559 10.449287 10.000000 37
4560 10.438838 10.000000 28
4561 10.428399 10.000000 28
4562 10.417971 10.000000 32
4563 10.407553 10.000000 34
4564 10.397145 10.000000 39
4565 10.386748 10.000000 25
4566 10.376362 10.000000 34
4567 10.365986 10.000000 32
4568 10.355620 10.000000 32
4569 10.345264 10.000000 31
4570 10.334919 10.000000 35
4571 10.324584 10.000000 34
4572 10.314260 10.000000 34
4573 10.303946 10.000000 33
4574 10.293642 10.000000 32
4575 10.283348 10.000000 33
4576 10.273065 10.000000 31
4577 10.262792 10.000000 32
4578 10.252529 10.000000 31
4579 10.242277 10.000000 34
4580 10.232035 10.000000 34
4581 10.221803 10.000000 34
4582 10.211581 10.000000 35
4583 10.201370 10.000000 34
4584 10.191169 10.000000 30
4585 10.180978 10.000000 31
4586 10.170797 10.000000 32
4587 10.160626 10.000000 36
4588 10.150466 10.000000 26
4589 10.140316 10.000000 31
4590 10.130176 10.000000 27
4591 10.120046 10.000000 34
4592 10.109925 10.000000 37
4593 10.099815 10.000000 31
4594 10.089716 10.000000 34
4595 10.079626 10.000000 29
4596 10.069547 10.000000 31
4597 10.059477 10.000000 33
4598 10.049417 10.000000 30
4599 10.039369 10.000000 35
4600 10.029329 10.000000 31
4601 10.019300 10.000000 37
4602 10.009281 10.000000 31
4603 9.999272 10.000000 44
4604 9.989273 10.000000 31
4605 9.979284 10.000000 35
4606 9.969305 10.000000 29
4607 9.959336 10.000000 37
4608 9.949377 10.000000 35
4609 9.939427 10.000000 36
4610 9.929488 10.000000 33
4611 9.919559 10.000000 34
4612 9.909639 10.000000 30
4613 9.899730 10.000000 30
4614 9.889831 10.000000 37
4615 9.879941 10.000000 35
4616 9.870061 10.000000 27
4617 9.860191 10.000000 38
4618 9.850331 10.000000 33
4619 9.840481 10.000000 35
4620 9.830641 10.000000 33
4621 9.820810 10.000000 30
4622 9.810989 10.000000 35
4623 9.801179 10.000000 31
4624 9.791378 10.000000 36
4625 9.781587 10.000000 31
4626 9.771805 10.000000 32
4627 9.762033 10.000000 32
4628 9.752272 10.000000 31
4629 9.742519 10.000000 31
4630 9.732777 10.000000 33
4631 9.723044 10.000000 27
4632 9.713322 10.000000 36
4633 9.703609 10.000000 31
4634 9.693905 10.000000 30
4635 9.684211 10.000000 30
4636 9.674526 10.000000 32
4637 9.664852 10.000000 32
4638 9.655188 10.000000 35
4639 9.645533 10.000000 29
4640 9.635887 10.000000 35
4641 9.626251 10.000000 34
4642 9.616625 10.000000 37
4643 9.607008 10.000000 32
4644 9.597401 10.000000 34
4645 9.587804 10.000000 35
4646 9.578217 10.000000 29
4647 9.568639 10.000000 30
4648 9.559071 10.000000 34
4649 9.549512 10.000000 33
4650 9.539963 10.000000 32
4651 9.530423 10.000000 34
4652 9.520893 10.000000 38
4653 9.511373 10.000000 39
4654 9.501862 10.000000 37
4655 9.492360 10.000000 28
4656 9.482868 10.000000 33
4657 9.473386 10.000000 29
4658 9.463913 10.000000 39
4659 9.454449 10.000000 31
4660 9.444994 10.000000 30
4661 9.435549 10.000000 30
4662 9.426113 10.000000 33
4663 9.416687 10.000000 34
4664 9.407270 10.000000 36
4665 9.397863 10.000000 29
4666 9.388466 10.000000 33
4667 9.379078 10.000000 40
4668 9.369699 10.000000 31
4669 9.360329 10.000000 31
4670 9.350968 10.000000 27
4671 9.341618 10.000000 31
4672 9.332276 10.000000 25
4673 9.322945 10.000000 35
4674 9.313622 10.000000 38
4675 9.304308 10.000000 28
4676 9.295004 10.000000 35
4677 9.285709 10.000000 36
4678 9.276423 10.000000 35
4679 9.267147 10.000000 33
4680 9.257880 10.000000 33
4681 9.248623 10.000000 31
4682 9.239374 10.000000 37
4683 9.230135 10.000000 33
4684 9.220905 10.000000 29
4685 9.211684 10.000000 34
4686 9.202473 10.000000 29
4687 9.193271 10.000000 28
4688 9.184077 10.000000 27
4689 9.174893 10.000000 35
4690 9.165719 10.000000 33
4691 9.156553 10.000000 28
4692 9.147397 10.000000 37
4693 9.138249 10.000000 32
4694 9.129111 10.000000 33
4695 9.119983 10.000000 32
4696 9.110863 10.000000 27
4697 9.101752 10.000000 34
4698 9.092650 10.000000 34
4699 9.083558 10.000000 29
4700 9.074474 10.000000 30
4701 9.065400 10.000000 34
4702 9.056334 10.000000 37
4703 9.047278 10.000000 35
4704 9.038231 10.000000 29
4705 9.029193 10.000000 30
4706 9.020164 10.000000 30
4707 9.011144 10.000000 33
4708 9.002132 10.000000 36
4709 8.993131 10.000000 32
4710 8.984138 10.000000 33
4711 8.975154 10.000000 34
4712 8.966179 10.000000 30
4713 8.957212 10.000000 29
4714 8.948256 10.000000 26
4715 8.939307 10.000000 29
4716 8.930368 10.000000 35
4717 8.921438 10.000000 24
4718 8.912517 10.000000 33
4719 8.903605 10.000000 37
4720 8.894701 10.000000 29
4721 8.885806 10.000000 32
4722 8.876921 10.000000 34
4723 8.868044 10.000000 31
4724 8.859176 10.000000 27
4725 8.850317 10.000000 31
4726 8.841467 10.000000 39
4727 8.832625 10.000000 26
4728 8.823792 10.000000 40
4729 8.814969 10.000000 32
4730 8.806154 10.000000 31
4731 8.797348 10.000000 31
4732 8.788550 10.000000 37
4733 8.779762 10.000000 33
4734 8.770983 10.000000 28
4735 8.762212 10.000000 30
4736 8.753449 10.000000 32
4737 8.744696 10.000000 31
4738 8.735951 10.000000 33
4739 8.727216 10.000000 29
4740 8.718489 10.000000 34
4741 8.709770 10.000000 32
4742 8.701060 10.000000 27
4743 8.692359 10.000000 37
4744 8.683667 10.000000 33
4745 8.674984 10.000000 34
4746 8.666309 10.000000 28
4747 8.657643 10.000000 34
4748 8.648986 10.000000 30
4749 8.640337 10.000000 36
4750 8.631697 10.000000 41
4751 8.623065 10.000000 33
4752 8.614442 10.000000 36
4753 8.605827 10.000000 31
4754 8.597221 10.000000 33
4755 8.588624 10.000000 33
4756 8.580035 10.000000 23
4757 8.571455 10.000000 33
4758 8.562883 10.000000 29
4759 8.554320 10.000000 32
4760 8.545766 10.000000 29
4761 8.537220 10.000000 28
4762 8.528683 10.000000 24
4763 8.520154 10.000000 33
4764 8.511634 10.000000 34
4765 8.503122 10.000000 29
4766 8.494619 10.000000 34
4767 8.486125 10.000000 27
4768 8.477639 10.000000 30
4769 8.469162 10.000000 29
4770 8.460693 10.000000 29
4771 8.452232 10.000000 35
4772 8.443780 10.000000 33
4773 8.435336 10.000000 34
4774 8.426901 10.000000 29
4775 8.418474 10.000000 30
4776 8.410056 10.000000 30
4777 8.401647 10.000000 32
4778 8.393245 10.000000 30
4779 8.384851 10.000000 35
4780 8.376467 10.000000 30
4781 8.368091 10.000000 30
4782 8.359723 10.000000 31
4783 8.351363 10.000000 31
4784 8.343012 10.000000 32
4785 8.334669 10.000000 32
4786 8.326335 10.000000 34
4787 8.318008 10.000000 30
4788 8.309690 10.000000 28
4789 8.301381 10.000000 32
4790 8.293079 10.000000 30
4791 8.284786 10.000000 27
4792 8.276502 10.000000 31
4793 8.268226 10.000000 28
4794 8.259957 10.000000 29
4795 8.251698 10.000000 30
4796 8.243446 10.000000 33
4797 8.235203 10.000000 32
4798 8.226968 10.000000 29
4799 8.218741 10.000000 31
4800 8.210523 10.000000 35
4801 8.202312 10.000000 33
4802 8.194110 10.000000 32
4803 8.185916 10.000000 31
4804 8.177731 10.000000 37
4805 8.169553 10.000000 25
4806 8.161384 10.000000 27
4807 8.153222 10.000000 25
4808 8.145069 10.000000 31
4809 8.136924 10.000000 33
4810 8.128787 10.000000 39
4811 8.120658 10.000000 35
4812 8.112537 10.000000 28
4813 8.104424 10.000000 32
4814 8.096320 10.000000 30
4815 8.088224 10.000000 36
4816 8.080136 10.000000 32
4817 8.072056 10.000000 24
4818 8.063984 10.000000 24
4819 8.055920 10.000000 28
4820 8.047864 10.000000 31
4821 8.039816 10.000000 34
4822 8.031776 10.000000 25
4823 8.023745 10.000000 36
4824 8.015721 10.000000 33
4825 8.007706 10.000000 31
4826 7.999698 10.000000 32
4827 7.991699 10.000000 27
4828 7.983707 10.000000 30
4829 7.975723 10.000000 31
4830 7.967748 10.000000 26
4831 7.959780 10.000000 31
4832 7.951820 10.000000 21
4833 7.943869 10.000000 30
4834 7.935925 10.000000 34
4835 7.927989 10.000000 30
4836 7.920061 10.000000 29
4837 7.912141 10.000000 37
4838 7.904229 10.000000 32
4839 7.896325 10.000000 27
4840 7.888429 10.000000 26
4841 7.880540 10.000000 30
4842 7.872660 10.000000 34
4843 7.864788 10.000000 31
4844 7.856923 10.000000 27
4845 7.849066 10.000000 35
4846 7.841218 10.000000 23
4847 7.833376 10.000000 28
4848 7.825543 10.000000 31
4849 7.817718 10.000000 31
4850 7.809900 10.000000 35
4851 7.802090 10.000000 29
4852 7.794288 10.000000 30
4853 7.786494 10.000000 29
4854 7.778708 10.000000 34
4855 7.770929 10.000000 27
4856 7.763158 10.000000 27
4857 7.755395 10.000000 32
4858 7.747640 10.000000 36
4859 7.739892 10.000000 31
4860 7.732152 10.000000 25
4861 7.724420 10.000000 31
4862 7.716696 10.000000 36
4863 7.708979 10.000000 28
4864 7.701270 10.000000 33
4865 7.693569 10.000000 32
4866 7.685875 10.000000 33
4867 7.678190 10.000000 30
4868 7.670512 10.000000 32
4869 7.662841 10.000000 32
4870 7.655179 10.000000 34
4871 7.647523 10.000000 33
4872 7.639876 10.000000 26
4873 7.632236 10.000000 33
4874 7.624604 10.000000 29
4875 7.616979 10.000000 31
4876 7.609362 10.000000 32
4877 7.601753 10.000000 28
4878 7.594151 10.000000 30
4879 7.586557 10.000000 32
4880 7.578970 10.000000 36
4881 7.571392 10.000000 29
4882 7.563820 10.000000 26
4883 7.556257 10.000000 26
4884 7.548701 10.000000 27
4885 7.541152 10.000000 31
4886 7.533611 10.000000 32
4887 7.526077 10.000000 29
4888 7.518551 10.000000 31
4889 7.511033 10.000000 30
4890 7.503522 10.000000 30
4891 7.496018 10.000000 32
4892 7.488523 10.000000 35
4893 7.481034 10.000000 31
4894 7.473553 10.000000 33
4895 7.466080 10.000000 35
4896 7.458614 10.000000 34
4897 7.451155 10.000000 18
4898 7.443704 10.000000 31
4899 7.436261 10.000000 34
4900 7.428824 10.000000 31
4901 7.421396 10.000000 31
4902 7.413974 10.000000 29
4903 7.406560 10.000000 27
4904 7.399154 10.000000 27
4905 7.391755 10.000000 32
4906 7.384364 10.000000 28
4907 7.376979 10.000000 27
4908 7.369603 10.000000 30
4909 7.362233 10.000000 33
4910 7.354871 10.000000 31
4911 7.347516 10.000000 29
4912 7.340168 10.000000 28
4913 7.332829 10.000000 31
4914 7.325496 10.000000 28
4915 7.318171 10.000000 32
4916 7.310853 10.000000 29
4917 7.303542 10.000000 31
4918 7.296238 10.000000 28
4919 7.288942 10.000000 30
4920 7.281653 10.000000 29
4921 7.274372 10.000000 24
4922 7.267097 10.000000 33
4923 7.259830 10.000000 29
4924 7.252571 10.000000 29
4925 7.245318 10.000000 36
4926 7.238073 10.000000 30
4927 7.230835 10.000000 29
4928 7.223604 10.000000 32
4929 7.216381 10.000000 29
4930 7.209164 10.000000 25
4931 7.201955 10.000000 27
4932 7.194753 10.000000 28
4933 7.187559 10.000000 29
4934 7.180371 10.000000 30
4935 7.173191 10.000000 20
4936 7.166018 10.000000 29
4937 7.158852 10.000000 31
4938 7.151693 10.000000 22
4939 7.144542 10.000000 29
4940 7.137397 10.000000 30
4941 7.130260 10.000000 26
4942 7.123130 10.000000 30
4943 7.116007 10.000000 33
4944 7.108891 10.000000 29
4945 7.101782 10.000000 30
4946 7.094681 10.000000 25
4947 7.087586 10.000000 30
4948 7.080499 10.000000 27
4949 7.073418 10.000000 26
4950 7.066345 10.000000 29
4951 7.059278 10.000000 36
4952 7.052219 10.000000 28
4953 7.045167 10.000000 29
4954 7.038122 10.000000 29
4955 7.031084 10.000000 29
4956 7.024053 10.000000 32
4957 7.017029 10.000000 25
4958 7.010012 10.000000 33
4959 7.003002 10.000000 33
4960 6.995999 10.000000 30
4961 6.989004 10.000000 38
4962 6.982015 10.000000 31
4963 6.975033 10.000000 28
4964 6.968058 10.000000 28
4965 6.961090 10.000000 26
4966 6.954129 10.000000 33
4967 6.947175 10.000000 35
4968 6.940228 10.000000 30
4969 6.933287 10.000000 29
4970 6.926354 10.000000 26
4971 6.919428 10.000000 29
4972 6.912508 10.000000 28
4973 6.905596 10.000000 33
4974 6.898691 10.000000 27
4975 6.891792 10.000000 27
4976 6.884901 10.000000 31
4977 6.878016 10.000000 32
4978 6.871138 10.000000 37
4979 6.864267 10.000000 29
4980 6.857403 10.000000 29
4981 6.850545 10.000000 32
4982 6.843695 10.000000 29
4983 6.836852 10.000000 32
4984 6.830015 10.000000 27
4985 6.823185 10.000000 30
4986 6.816362 10.000000 30
4987 6.809546 10.000000 34
4988 6.802736 10.000000 26
4989 6.795934 10.000000 33
4990 6.789138 10.000000 31
4991 6.782349 10.000000 31
4992 6.775567 10.000000 30
4993 6.768791 10.000000 32
4994 6.762022 10.000000 27
4995 6.755260 10.000000 26
4996 6.748505 10.000000 25
4997 6.741757 10.000000 29
4998 6.735015 10.000000 25
4999 6.728281 10.000000 28
5000 6.721552 10.000000 27
5001 6.714831 10.000000 34
5002 6.708116 10.000000 25
5003 6.701408 10.000000 26
5004 6.694706 10.000000 29
5005 6.688012 10.000000 28
5006 6.681324 10.000000 32
5007 6.674642 10.000000 31
5008 6.667967 10.000000 38
5009 6.661299 10.000000 24
5010 6.654638 10.000000 33
5011 6.647983 10.000000 27
5012 6.641335 10.000000 27
5013 6.634694 10.000000 30
5014 6.628059 10.000000 28
5015 6.621431 10.000000 31
5016 6.614810 10.000000 25
5017 6.608195 10.000000 26
5018 6.601587 10.000000 31
5019 6.594985 10.000000 34
5020 6.588390 10.000000 36
5021 6.581802 10.000000 28
5022 6.575220 10.000000 28
5023 6.568645 10.000000 33
5024 6.562077 10.000000 36
5025 6.555515 10.000000 26
5026 6.548959 10.000000 26
5027 6.542410 10.000000 25
5028 6.535868 10.000000 29
5029 6.529332 10.000000 28
5030 6.522803 10.000000 35
5031 6.516280 10.000000 25
5032 6.509764 10.000000 31
5033 6.503254 10.000000 25
5034 6.496751 10.000000 28
5035 6.490255 10.000000 31
5036 6.483765 10.000000 24
5037 6.477281 10.000000 33
5038 6.470804 10.000000 29
5039 6.464333 10.000000 31
5040 6.457869 10.000000 25
5041 6.451411 10.000000 33
5042 6.444960 10.000000 28
5043 6.438515 10.000000 29
5044 6.432076 10.000000 29
5045 6.425644 10.000000 29
5046 6.419219 10.000000 31
5047 6.412800 10.000000 26
5048 6.406387 10.000000 25
5049 6.399981 10.000000 30
5050 6.393581 10.000000 25
5051 6.387187 10.000000 34
5052 6.380800 10.000000 27
5053 6.374420 10.000000 30
5054 6.368045 10.000000 27
5055 6.361677 10.000000 26
5056 6.355316 10.000000 34
5057 6.348960 10.000000 31
5058 6.342611 10.000000 33
5059 6.336269 10.000000 22
5060 6.329933 10.000000 31
5061 6.323603 10.000000 22
5062 6.317279 10.000000 26
5063 6.310962 10.000000 27
5064 6.304651 10.000000 28
5065 6.298347 10.000000 25
5066 6.292048 10.000000 25
5067 6.285757 10.000000 28
5068 6.279471 10.000000 31
5069 6.273191 10.000000 30
5070 6.266918 10.000000 33
5071 6.260651 10.000000 27
5072 6.254391 10.000000 33
5073 6.248137 10.000000 24
5074 6.241889 10.000000 24
5075 6.235647 10.000000 31
5076 6.229411 10.000000 33
5077 6.223182 10.000000 22
5078 6.216959 10.000000 28
5079 6.210742 10.000000 27
5080 6.204531 10.000000 26
5081 6.198326 10.000000 31
5082 6.192128 10.000000 30
5083 6.185935 10.000000 26
5084 6.179749 8.000000 34
5085 6.173570 8.000000 33
5086 6.167396 8.000000 24
5087 6.161229 8.000000 29
5088 6.155067 8.000000 26
5089 6.148912 8.000000 23
5090 6.142764 8.000000 31
5091 6.136621 8.000000 30
5092 6.130485 8.000000 26
5093 6.124354 8.000000 37
5094 6.118230 8.000000 25
5095 6.112112 8.000000 23
5096 6.105999 8.000000 23
5097 6.099894 8.000000 26
5098 6.093794 8.000000 31
5099 6.087700 8.000000 32
5100 6.081613 8.000000 27
5101 6.075531 8.000000 28
5102 6.069456 8.000000 25
5103 6.063386 8.000000 28
5104 6.057323 8.000000 26
5105 6.051266 8.000000 32
5106 6.045215 8.000000 24
5107 6.039169 8.000000 26
5108 6.033130 8.000000 24
5109 6.027097 8.000000 27
5110 6.021070 8.000000 28
5111 6.015049 8.000000 23
5112 6.009034 8.000000 31
5113 6.003025 8.000000 25
5114 5.997022 8.000000 22
5115 5.991025 8.000000 29
5116 5.985034 8.000000 22
5117 5.979049 8.000000 23
5118 5.973070 8.000000 24
5119 5.967097 8.000000 20
5120 5.961130 8.000000 29
5121 5.955169 8.000000 26
5122 5.949214 8.000000 27
5123 5.943265 8.000000 27
5124 5.937322 8.000000 31
5125 5.931385 8.000000 27
5126 5.925453 8.000000 26
5127 5.919528 8.000000 25
5128 5.913609 8.000000 28
5129 5.907695 8.000000 18
5130 5.901787 8.000000 29
5131 5.895885 8.000000 22
5132 5.889990 8.000000 27
5133 5.884100 8.000000 21
5134 5.878216 8.000000 23
5135 5.872338 8.000000 29
5136 5.866466 8.000000 27
5137 5.860599 8.000000 28
5138 5.854739 8.000000 25
5139 5.848884 8.000000 31
5140 5.843035 8.000000 27
5141 5.837192 8.000000 30
5142 5.831355 8.000000 28
5143 5.825524 8.000000 23
5144 5.819698 8.000000 33
5145 5.813879 8.000000 25
5146 5.808065 8.000000 24
5147 5.802257 8.000000 32
5148 5.796455 8.000000 30
5149 5.790658 8.000000 27
5150 5.784868 8.000000 29
5151 5.779083 8.000000 26
5152 5.773304 8.000000 28
5153 5.767531 8.000000 27
5154 5.761764 8.000000 22
5155 5.756002 8.000000 28
5156 5.750246 8.000000 27
5157 5.744496 8.000000 28
5158 5.738751 8.000000 28
5159 5.733013 8.000000 26
5160 5.727280 8.000000 33
5161 5.721552 8.000000 29
5162 5.715831 8.000000 28
5163 5.710115 8.000000 25
5164 5.704405 8.000000 24
5165 5.698700 8.000000 26
5166 5.693002 8.000000 25
5167 5.687309 8.000000 24
5168 5.681622 8.000000 23
5169 5.675940 8.000000 30
5170 5.670264 8.000000 30
5171 5.664594 8.000000 25
5172 5.658930 8.000000 23
5173 5.653271 8.000000 20
5174 5.647618 8.000000 30
5175 5.641970 8.000000 28
5176 5.636328 8.000000 24
5177 5.630692 8.000000 26
5178 5.625062 8.000000 29
5179 5.619437 8.000000 26
5180 5.613817 8.000000 32
5181 5.608203 8.000000 31
5182 5.602595 8.000000 27
5183 5.596993 8.000000 24
5184 5.591396 8.000000 28
5185 5.585804 8.000000 27
5186 5.580219 8.000000 29
5187 5.574639 8.000000 21
5188 5.569064 8.000000 28
5189 5.563495 8.000000 34
5190 5.557932 8.000000 25
5191 5.552374 8.000000 26
5192 5.546822 8.000000 30
5193 5.541275 8.000000 25
5194 5.535734 8.000000 25
5195 5.530198 8.000000 27
5196 5.524668 8.000000 21
5197 5.519143 8.000000 31
5198 5.513624 8.000000 24
5199 5.508111 8.000000 31
5200 5.502603 8.000000 25
5201 5.497100 8.000000 23
5202 5.491603 8.000000 29
5203 5.486111 8.000000 29
5204 5.480625 8.000000 28
5205 5.475144 8.000000 27
5206 5.469669 8.000000 32
5207 5.464200 8.000000 22
5208 5.458735 8.000000 27
5209 5.453277 8.000000 23
5210 5.447824 8.000000 25
5211 5.442376 8.000000 19
5212 5.436934 8.000000 21
5213 5.431497 8.000000 28
5214 5.426065 8.000000 26
5215 5.420639 8.000000 23
5216 5.415218 8.000000 26
5217 5.409803 8.000000 31
5218 5.404394 8.000000 31
5219 5.398989 8.000000 28
5220 5.393590 8.000000 28
5221 5.388197 8.000000 29
5222 5.382809 8.000000 28
5223 5.377426 8.000000 27
5224 5.372049 8.000000 25
5225 5.366677 8.000000 27
5226 5.361310 8.000000 35
5227 5.355949 8.000000 27
5228 5.350593 8.000000 27
5229 5.345243 8.000000 31
5230 5.339897 8.000000 25
5231 5.334558 8.000000 20
5232 5.329223 8.000000 24
5233 5.323894 8.000000 25
5234 5.318570 8.000000 23
5235 5.313251 8.000000 28
5236 5.307938 8.000000 27
5237 5.302630 8.000000 29
5238 5.297328 8.000000 25
5239 5.292031 8.000000 21
5240 5.286739 8.000000 28
5241 5.281452 8.000000 27
5242 5.276171 8.000000 23
5243 5.270895 8.000000 21
5244 5.265624 8.000000 27
5245 5.260358 8.000000 25
5246 5.255097 8.000000 24
5247 5.249842 8.000000 25
5248 5.244592 8.000000 20
5249 5.239347 8.000000 30
5250 5.234108 8.000000 30
5251 5.228874 8.000000 30
5252 5.223645 8.000000 25
5253 5.218421 8.000000 28
5254 5.213202 8.000000 24
5255 5.207989 8.000000 26
5256 5.202781 8.000000 27
5257 5.197578 8.000000 28
5258 5.192381 8.000000 24
5259 5.187189 8.000000 27
5260 5.182002 8.000000 22
5261 5.176820 8.000000 32
5262 5.171643 8.000000 29
5263 5.166471 8.000000 29
5264 5.161305 8.000000 25
5265 5.156144 8.000000 25
5266 5.150988 8.000000 27
5267 5.145837 8.000000 31
5268 5.140691 8.000000 26
5269 5.135550 8.000000 30
5270 5.130415 8.000000 26
5271 5.125285 8.000000 30
5272 5.120160 8.000000 23
5273 5.115039 8.000000 24
5274 5.109924 8.000000 27
5275 5.104815 8.000000 33
5276 5.099710 8.000000 24
5277 5.094610 8.000000 27
5278 5.089516 8.000000 29
5279 5.084426 8.000000 24
5280 5.079342 8.000000 23
5281 5.074263 8.000000 25
5282 5.069189 8.000000 20
5283 5.064119 8.000000 22
5284 5.059055 8.000000 28
5285 5.053997 8.000000 31
5286 5.048943 8.000000 23
5287 5.043894 8.000000 27
5288 5.038850 8.000000 23
5289 5.033811 8.000000 22
5290 5.028777 8.000000 24
5291 5.023748 8.000000 27
5292 5.018725 8.000000 24
5293 5.013706 8.000000 22
5294 5.008693 8.000000 22
5295 5.003684 8.000000 27
5296 4.998681 8.000000 26
5297 4.993682 8.000000 24
5298 4.988688 8.000000 27
5299 4.983700 8.000000 30
5300 4.978716 8.000000 25
5301 4.973738 8.000000 24
5302 4.968764 8.000000 25
5303 4.963795 8.000000 23
5304 4.958831 8.000000 31
5305 4.953873 8.000000 24
5306 4.948919 8.000000 28
5307 4.943970 8.000000 25
5308 4.939026 8.000000 27
5309 4.934087 8.000000 23
5310 4.929153 8.000000 20
5311 4.924224 8.000000 25
5312 4.919300 8.000000 32
5313 4.914381 8.000000 25
5314 4.909466 8.000000 32
5315 4.904557 8.000000 30
5316 4.899652 8.000000 22
5317 4.894753 8.000000 30
5318 4.889858 8.000000 24
5319 4.884968 8.000000 23
5320 4.880084 8.000000 26
5321 4.875204 8.000000 31
5322 4.870328 8.000000 21
5323 4.865458 8.000000 25
5324 4.860593 8.000000 27
5325 4.855732 8.000000 22
5326 4.850877 8.000000 25
5327 4.846026 8.000000 25
5328 4.841180 8.000000 20
5329 4.836339 8.000000 31
5330 4.831502 8.000000 27
5331 4.826671 8.000000 24
5332 4.821845 8.000000 24
5333 4.817023 8.000000 29
5334 4.812206 8.000000 21
5335 4.807394 8.000000 22
5336 4.802586 8.000000 24
5337 4.797783 8.000000 20
5338 4.792985 8.000000 25
5339 4.788193 8.000000 29
5340 4.783405 8.000000 25
5341 4.778622 8.000000 21
5342 4.773843 8.000000 24
5343 4.769070 8.000000 20
5344 4.764301 8.000000 30
5345 4.759537 8.000000 21
5346 4.754777 8.000000 28
5347 4.750023 8.000000 28
5348 4.745273 8.000000 24
5349 4.740528 8.000000 25
5350 4.735788 8.000000 20
5351 4.731052 8.000000 20
5352 4.726321 8.000000 25
5353 4.721594 8.000000 25
5354 4.716873 8.000000 23
5355 4.712156 8.000000 21
5356 4.707444 8.000000 22
5357 4.702736 8.000000 27
5358 4.698034 8.000000 28
5359 4.693336 8.000000 25
5360 4.688643 8.000000 20
5361 4.683954 8.000000 25
5362 4.679270 8.000000 25
5363 4.674591 8.000000 27
5364 4.669916 8.000000 30
5365 4.665246 8.000000 23
5366 4.660581 8.000000 26
5367 4.655921 8.000000 27
5368 4.651265 8.000000 22
5369 4.646614 8.000000 27
5370 4.641967 8.000000 26
5371 4.637325 8.000000 27
5372 4.632688 8.000000 33
5373 4.628055 8.000000 20
5374 4.623427 8.000000 22
5375 4.618804 8.000000 25
5376 4.614185 8.000000 25
5377 4.609571 8.000000 26
5378 4.604961 8.000000 20
5379 4.600356 8.000000 25
5380 4.595756 8.000000 26
5381 4.591160 8.000000 29
5382 4.586569 8.000000 26
5383 4.581982 8.000000 24
5384 4.577400 8.000000 25
5385 4.572823 8.000000 26
5386 4.568250 8.000000 21
5387 4.563682 8.000000 24
5388 4.559118 8.000000 24
5389 4.554559 8.000000 28
5390 4.550005 8.000000 24
5391 4.545455 8.000000 21
5392 4.540910 8.000000 23
5393 4.536369 8.000000 21
5394 4.531833 8.000000 26
5395 4.527301 8.000000 21
5396 4.522774 8.000000 17
5397 4.518251 8.000000 28
5398 4.513733 8.000000 26
5399 4.509219 8.000000 22
5400 4.504710 8.000000 27
5401 4.500206 8.000000 21
5402 4.495706 8.000000 24
5403 4.491210 8.000000 23
5404 4.486719 8.000000 28
5405 4.482232 8.000000 27
5406 4.477750 8.000000 33
5407 4.473272 8.000000 15
5408 4.468799 8.000000 24
5409 4.464330 8.000000 25
5410 4.459866 8.000000 32
5411 4.455406 8.000000 25
5412 4.450951 8.000000 31
5413 4.446500 8.000000 25
5414 4.442053 8.000000 26
5415 4.437611 8.000000 36
5416 4.433174 8.000000 21
5417 4.428741 8.000000 21
5418 4.424312 8.000000 26
5419 4.419888 8.000000 24
5420 4.415468 8.000000 29
5421 4.411052 8.000000 23
5422 4.406641 8.000000 22
5423 4.402235 8.000000 22
5424 4.397832 8.000000 23
5425 4.393435 8.000000 22
5426 4.389041 8.000000 23
5427 4.384652 8.000000 30
5428 4.380268 8.000000 18
5429 4.375887 8.000000 26
5430 4.371511 8.000000 24
5431 4.367140 8.000000 24
5432 4.362773 8.000000 28
5433 4.358410 8.000000 21
5434 4.354052 8.000000 21
5435 4.349698 8.000000 23
5436 4.345348 8.000000 27
5437 4.341003 8.000000 20
5438 4.336662 8.000000 29
5439 4.332325 8.000000 24
5440 4.327993 8.000000 24
5441 4.323665 8.000000 24
5442 4.319342 8.000000 22
5443 4.315022 8.000000 19
5444 4.310708 8.000000 26
5445 4.306397 8.000000 25
5446 4.302091 8.000000 26
5447 4.297789 8.000000 25
5448 4.293491 8.000000 22
5449 4.289197 8.000000 25
5450 4.284908 8.000000 29
5451 4.280623 8.000000 17
5452 4.276343 8.000000 26
5453 4.272067 8.000000 25
5454 4.267795 8.000000 18
5455 4.263527 8.000000 20
5456 4.259264 8.000000 26
5457 4.255004 8.000000 26
5458 4.250750 8.000000 23
5459 4.246499 8.000000 23
5460 4.242253 8.000000 23
5461 4.238010 8.000000 23
5462 4.233772 8.000000 24
5463 4.229538 8.000000 28
5464 4.225309 8.000000 24
5465 4.221084 8.000000 31
5466 4.216863 8.000000 20
5467 4.212646 8.000000 23
5468 4.208434 8.000000 17
5469 4.204225 8.000000 23
5470 4.200021 8.000000 17
5471 4.195821 8.000000 21
5472 4.191625 8.000000 22
5473 4.187434 8.000000 21
5474 4.183246 8.000000 29
5475 4.179063 8.000000 23
5476 4.174884 8.000000 26
5477 4.170709 8.000000 21
5478 4.166539 8.000000 22
5479 4.162372 8.000000 23
5480 4.158210 8.000000 21
5481 4.154052 8.000000 18
5482 4.149898 8.000000 16
5483 4.145748 8.000000 25
5484 4.141602 8.000000 23
5485 4.137461 8.000000 27
5486 4.133323 8.000000 22
5487 4.129190 8.000000 27
5488 4.125061 8.000000 25
5489 4.120936 8.000000 24
5490 4.116815 8.000000 26
5491 4.112699 8.000000 17
5492 4.108586 8.000000 19
5493 4.104477 8.000000 22
5494 4.100373 8.000000 27
5495 4.096272 8.000000 22
5496 4.092176 8.000000 24
5497 4.088084 8.000000 23
5498 4.083996 8.000000 19
5499 4.079912 8.000000 27
5500 4.075832 8.000000 23
5501 4.071756 8.000000 25
5502 4.067685 8.000000 21
5503 4.063617 8.000000 23
5504 4.059554 8.000000 22
5505 4.055494 8.000000 23
5506 4.051439 8.000000 23
5507 4.047388 8.000000 27
5508 4.043340 8.000000 22
5509 4.039297 8.000000 21
5510 4.035258 8.000000 19
5511 4.031223 8.000000 21
5512 4.027192 8.000000 24
5513 4.023164 8.000000 19
5514 4.019141 8.000000 21
5515 4.015122 8.000000 16
5516 4.011107 8.000000 21
5517 4.007096 8.000000 22
5518 4.003089 8.000000 20
5519 3.999086 8.000000 29
5520 3.995087 8.000000 24
5521 3.991092 8.000000 23
5522 3.987101 8.000000 19
5523 3.983114 8.000000 22
5524 3.979131 8.000000 20
5525 3.975152 8.000000 25
5526 3.971177 8.000000 29
5527 3.967206 8.000000 19
5528 3.963238 8.000000 24
5529 3.959275 8.000000 20
5530 3.955316 8.000000 23
5531 3.951361 8.000000 20
5532 3.947409 8.000000 27
5533 3.943462 8.000000 23
5534 3.939519 8.000000 22
5535 3.935579 8.000000 18
5536 3.931644 8.000000 22
5537 3.927712 8.000000 14
5538 3.923784 8.000000 22
5539 3.919861 8.000000 19
5540 3.915941 8.000000 19
5541 3.912025 8.000000 23
5542 3.908113 8.000000 22
5543 3.904205 8.000000 22
5544 3.900301 8.000000 21
5545 3.896401 8.000000 24
5546 3.892504 8.000000 22
5547 3.888612 8.000000 15
5548 3.884723 8.000000 21
5549 3.880839 8.000000 21
5550 3.876958 8.000000 20
5551 3.873081 8.000000 18
5552 3.869208 8.000000 27
5553 3.865339 8.000000 22
5554 3.861474 8.000000 18
5555 3.857612 8.000000 23
5556 3.853755 8.000000 29
5557 3.849901 8.000000 25
5558 3.846051 8.000000 24
5559 3.842205 8.000000 21
5560 3.838363 8.000000 24
5561 3.834525 8.000000 21
5562 3.830690 8.000000 24
5563 3.826859 8.000000 22
5564 3.823033 8.000000 26
5565 3.819210 8.000000 25
5566 3.815390 8.000000 20
5567 3.811575 8.000000 23
5568 3.807763 8.000000 26
5569 3.803956 8.000000 22
5570 3.800152 8.000000 19
5571 3.796351 8.000000 25
5572 3.792555 8.000000 22
5573 3.788763 8.000000 19
5574 3.784974 8.000000 22
5575 3.781189 8.000000 20
5576 3.777408 8.000000 21
5577 3.773631 8.000000 24
5578 3.769857 8.000000 26
5579 3.766087 8.000000 23
5580 3.762321 8.000000 21
5581 3.758559 8.000000 24
5582 3.754800 8.000000 22
5583 3.751045 8.000000 27
5584 3.747294 8.000000 18
5585 3.743547 8.000000 23
5586 3.739804 8.000000 23
5587 3.736064 8.000000 25
5588 3.732328 8.000000 22
5589 3.728596 8.000000 27
5590 3.724867 8.000000 20
5591 3.721142 8.000000 13
5592 3.717421 8.000000 22
5593 3.713704 8.000000 21
5594 3.709990 8.000000 23
5595 3.706280 8.000000 24
5596 3.702574 8.000000 24
5597 3.698871 8.000000 23
5598 3.695173 8.000000 20
5599 3.691478 8.000000 17
5600 3.687786 8.000000 21
5601 3.684098 8.000000 17
5602 3.680414 8.000000 21
5603 3.676734 8.000000 30
5604 3.673057 8.000000 26
5605 3.669384 8.000000 22
5606 3.665715 8.000000 19
5607 3.662049 8.000000 23
5608 3.658387 8.000000 23
5609 3.654729 8.000000 25
5610 3.651074 8.000000 21
5611 3.647423 8.000000 17
5612 3.643776 8.000000 20
5613 3.640132 8.000000 27
5614 3.636492 8.000000 20
5615 3.632855 8.000000 26
5616 3.629223 8.000000 20
5617 3.625593 8.000000 20
5618 3.621968 8.000000 24
5619 3.618346 8.000000 22
5620 3.614728 8.000000 24
5621 3.611113 8.000000 29
5622 3.607502 8.000000 22
5623 3.603894 8.000000 17
5624 3.600291 8.000000 18
5625 3.596690 8.000000 25
5626 3.593094 8.000000 19
5627 3.589501 8.000000 19
5628 3.585911 8.000000 24
5629 3.582325 8.000000 24
5630 3.578743 8.000000 11
5631 3.575165 8.000000 22
5632 3.571589 8.000000 24
5633 3.568018 8.000000 24
5634 3.564450 8.000000 19
5635 3.560886 8.000000 21
5636 3.557325 8.000000 20
5637 3.553768 8.000000 24
5638 3.550214 8.000000 22
5639 3.546664 8.000000 16
5640 3.543117 8.000000 23
5641 3.539574 8.000000 11
5642 3.536035 8.000000 25
5643 3.532499 8.000000 25
5644 3.528966 8.000000 24
5645 3.525437 8.000000 20
5646 3.521912 8.000000 20
5647 3.518390 8.000000 18
5648 3.514872 8.000000 27
5649 3.511357 8.000000 19
5650 3.507845 8.000000 21
5651 3.504338 8.000000 17
5652 3.500833 8.000000 23
5653 3.497333 8.000000 27
5654 3.493835 8.000000 19
5655 3.490341 8.000000 22
5656 3.486851 8.000000 20
5657 3.483364 8.000000 20
5658 3.479881 8.000000 20
5659 3.476401 8.000000 25
5660 3.472925 8.000000 19
5661 3.469452 8.000000 20
5662 3.465983 8.000000 31
5663 3.462517 8.000000 25
5664 3.459054 8.000000 20
5665 3.455595 8.000000 25
5666 3.452140 8.000000 15
5667 3.448688 8.000000 22
5668 3.445239 8.000000 24
5669 3.441794 8.000000 18
5670 3.438352 8.000000 20
5671 3.434914 8.000000 21
5672 3.431479 8.000000 18
5673 3.428047 8.000000 24
5674 3.424619 8.000000 17
5675 3.421195 8.000000 22
5676 3.417774 8.000000 22
5677 3.414356 8.000000 25
5678 3.410942 8.000000 19
5679 3.407531 8.000000 23
5680 3.404123 8.000000 22
5681 3.400719 8.000000 17
5682 3.397319 8.000000 30
5683 3.393921 8.000000 22
5684 3.390527 8.000000 20
5685 3.387137 8.000000 25
5686 3.383750 8.000000 18
5687 3.380366 8.000000 21
5688 3.376986 8.000000 22
5689 3.373609 8.000000 15
5690 3.370235 8.000000 20
5691 3.366865 8.000000 17
5692 3.363498 8.000000 18
5693 3.360135 8.000000 21
5694 3.356775 8.000000 23
5695 3.353418 8.000000 23
5696 3.350065 8.000000 21
5697 3.346715 8.000000 14
5698 3.343368 8.000000 15
5699 3.340025 8.000000 28
5700 3.336685 8.000000 21
5701 3.333348 8.000000 22
5702 3.330015 8.000000 15
5703 3.326685 6.000000 18
5704 3.323358 6.000000 22
5705 3.320035 6.000000 19
5706 3.316715 6.000000 12
5707 3.313398 6.000000 19
5708 3.310085 6.000000 19
5709 3.306775 6.000000 17
5710 3.303468 6.000000 24
5711 3.300165 6.000000 20
5712 3.296865 6.000000 20
5713 3.293568 6.000000 22
5714 3.290274 6.000000 20
5715 3.286984 6.000000 20
5716 3.283697 6.000000 18
5717 3.280414 6.000000 21
5718 3.277133 6.000000 20
5719 3.273856 6.000000 17
5720 3.270582 6.000000 21
5721 3.267312 6.000000 26
5722 3.264045 6.000000 19
5723 3.260781 6.000000 22
5724 3.257520 6.000000 18
5725 3.254262 6.000000 21
5726 3.251008 6.000000 20
5727 3.247757 6.000000 19
5728 3.244509 6.000000 23
5729 3.241265 6.000000 23
5730 3.238024 6.000000 21
5731 3.234786 6.000000 18
5732 3.231551 6.000000 19
5733 3.228319 6.000000 25
5734 3.225091 6.000000 22
5735 3.221866 6.000000 21
5736 3.218644 6.000000 21
5737 3.215426 6.000000 16
5738 3.212210 6.000000 14
5739 3.208998 6.000000 19
5740 3.205789 6.000000 18
5741 3.202584 6.000000 15
5742 3.199381 6.000000 13
5743 3.196182 6.000000 14
5744 3.192986 6.000000 23
5745 3.189793 6.000000 22
5746 3.186603 6.000000 21
5747 3.183416 6.000000 18
5748 3.180233 6.000000 17
5749 3.177053 6.000000 20
5750 3.173876 6.000000 16
5751 3.170702 6.000000 17
5752 3.167531 6.000000 12
5753 3.164364 6.000000 18
5754 3.161200 6.000000 16
5755 3.158038 6.000000 18
5756 3.154880 6.000000 21
5757 3.151726 6.000000 19
5758 3.148574 6.000000 15
5759 3.145425 6.000000 18
5760 3.142280 6.000000 23
5761 3.139138 6.000000 22
5762 3.135998 6.000000 18
5763 3.132863 6.000000 17
5764 3.129730 6.000000 20
5765 3.126600 6.000000 17
5766 3.123473 6.000000 20
5767 3.120350 6.000000 18
5768 3.117229 6.000000 18
5769 3.114112 6.000000 15
5770 3.110998 6.000000 21
5771 3.107888 6.000000 17
5772 3.104780 6.000000 13
5773 3.101675 6.000000 22
5774 3.098573 6.000000 21
5775 3.095475 6.000000 18
5776 3.092380 6.000000 21
5777 3.089287 6.000000 21
5778 3.086198 6.000000 19
5779 3.083112 6.000000 25
5780 3.080029 6.000000 19
5781 3.076949 6.000000 20
5782 3.073872 6.000000 18
5783 3.070798 6.000000 17
5784 3.067728 6.000000 17
5785 3.064660 6.000000 17
5786 3.061595 6.000000 14
5787 3.058534 6.000000 21
5788 3.055475 6.000000 21
5789 3.052420 6.000000 20
5790 3.049367 6.000000 22
5791 3.046318 6.000000 16
5792 3.043272 6.000000 23
5793 3.040229 6.000000 14
5794 3.037189 6.000000 21
5795 3.034151 6.000000 17
5796 3.031117 6.000000 15
5797 3.028086 6.000000 21
5798 3.025058 6.000000 25
5799 3.022033 6.000000 18
5800 3.019011 6.000000 17
5801 3.015992 6.000000 18
5802 3.012976 6.000000 14
5803 3.009963 6.000000 16
5804 3.006953 6.000000 17
5805 3.003946 6.000000 22
5806 3.000942 6.000000 17
5807 2.997941 6.000000 20
5808 2.994944 6.000000 16
5809 2.991949 6.000000 18
5810 2.988957 6.000000 20
5811 2.985968 6.000000 18
5812 2.982982 6.000000 16
5813 2.979999 6.000000 21
5814 2.977019 6.000000 13
5815 2.974042 6.000000 17
5816 2.971068 6.000000 20
5817 2.968097 6.000000 18
5818 2.965129 6.000000 21
5819 2.962164 6.000000 16
5820 2.959202 6.000000 16
5821 2.956243 6.000000 24
5822 2.953287 6.000000 18
5823 2.950333 6.000000 19
5824 2.947383 6.000000 20
5825 2.944436 6.000000 21
5826 2.941491 6.000000 17
5827 2.938550 6.000000 14
5828 2.935611 6.000000 16
5829 2.932676 6.000000 20
5830 2.929743 6.000000 14
5831 2.926814 6.000000 18
5832 2.923887 6.000000 17
5833 2.920963 6.000000 14
5834 2.918042 6.000000 15
5835 2.915124 6.000000 16
5836 2.912209 6.000000 22
5837 2.909297 6.000000 18
5838 2.906387 6.000000 22
5839 2.903481 6.000000 13
5840 2.900578 6.000000 25
5841 2.897677 6.000000 16
5842 2.894779 6.000000 23
5843 2.891885 6.000000 20
5844 2.888993 6.000000 22
5845 2.886104 6.000000 15
5846 2.883218 6.000000 18
5847 2.880335 6.000000 16
5848 2.877454 6.000000 17
5849 2.874577 6.000000 23
5850 2.871702 6.000000 18
5851 2.868830 6.000000 20
5852 2.865962 6.000000 18
5853 2.863096 6.000000 17
5854 2.860232 6.000000 28
5855 2.857372 6.000000 21
5856 2.854515 6.000000 19
5857 2.851660 6.000000 20
5858 2.848808 6.000000 19
5859 2.845959 6.000000 18
5860 2.843113 6.000000 23
5861 2.840270 6.000000 21
5862 2.837430 6.000000 18
5863 2.834593 6.000000 17
5864 2.831758 6.000000 13
5865 2.828926 6.000000 15
5866 2.826097 6.000000 20
5867 2.823272 6.000000 20
5868 2.820448 6.000000 19
5869 2.817628 6.000000 19
5870 2.814810 6.000000 21
5871 2.811995 6.000000 16
5872 2.809183 6.000000 16
5873 2.806374 6.000000 16
5874 2.803568 6.000000 20
5875 2.800764 6.000000 17
5876 2.797964 6.000000 21
5877 2.795166 6.000000 15
5878 2.792371 6.000000 14
5879 2.789578 6.000000 21
5880 2.786789 6.000000 15
5881 2.784002 6.000000 17
5882 2.781218 6.000000 24
5883 2.778437 6.000000 14
5884 2.775659 6.000000 11
5885 2.772883 6.000000 14
5886 2.770110 6.000000 18
5887 2.767340 6.000000 11
5888 2.764573 6.000000 16
5889 2.761808 6.000000 21
5890 2.759046 6.000000 17
5891 2.756287 6.000000 23
5892 2.753531 6.000000 23
5893 2.750777 6.000000 12
5894 2.748027 6.000000 13
5895 2.745279 6.000000 21
5896 2.742534 6.000000 18
5897 2.739791 6.000000 21
5898 2.737051 6.000000 16
5899 2.734314 6.000000 19
5900 2.731580 6.000000 21
5901 2.728849 6.000000 17
5902 2.726120 6.000000 14
5903 2.723394 6.000000 22
5904 2.720670 6.000000 12
5905 2.717950 6.000000 14
5906 2.715232 6.000000 18
5907 2.712517 6.000000 16
5908 2.709804 6.000000 19
5909 2.707094 6.000000 12
5910 2.704387 6.000000 20
5911 2.701683 6.000000 16
5912 2.698981 6.000000 21
5913 2.696282 6.000000 18
5914 2.693586 6.000000 15
5915 2.690892 6.000000 22
5916 2.688202 6.000000 17
5917 2.685513 6.000000 13
5918 2.682828 6.000000 20
5919 2.680145 6.000000 16
5920 2.677465 6.000000 14
5921 2.674788 6.000000 16
5922 2.672113 6.000000 20
5923 2.669441 6.000000 22
5924 2.666771 6.000000 15
5925 2.664105 6.000000 18
5926 2.661441 6.000000 18
5927 2.658779 6.000000 20
5928 2.656120 6.000000 19
5929 2.653464 6.000000 16
5930 2.650811 6.000000 14
5931 2.648160 6.000000 21
5932 2.645512 6.000000 18
5933 2.642867 6.000000 16
5934 2.640224 6.000000 12
5935 2.637583 6.000000 19
5936 2.634946 6.000000 15
5937 2.632311 6.000000 17
5938 2.629678 6.000000 15
5939 2.627049 6.000000 14
5940 2.624422 6.000000 18
5941 2.621798 6.000000 18
5942 2.619176 6.000000 19
5943 2.616557 6.000000 16
5944 2.613940 6.000000 16
5945 2.611326 6.000000 15
5946 2.608715 6.000000 20
5947 2.606106 6.000000 15
5948 2.603500 6.000000 15
5949 2.600897 6.000000 20
5950 2.598296 6.000000 20
5951 2.595697 6.000000 17
5952 2.593102 6.000000 14
5953 2.590509 6.000000 19
5954 2.587918 6.000000 20
5955 2.585330 6.000000 21
5956 2.582745 6.000000 20
5957 2.580162 6.000000 14
5958 2.577582 6.000000 14
5959 2.575005 6.000000 18
5960 2.572430 6.000000 17
5961 2.569857 6.000000 25
5962 2.567287 6.000000 13
5963 2.564720 6.000000 15
5964 2.562155 6.000000 15
5965 2.559593 6.000000 23
5966 2.557034 6.000000 22
5967 2.554477 6.000000 14
5968 2.551922 6.000000 23
5969 2.549371 6.000000 15
5970 2.546821 6.000000 17
5971 2.544274 6.000000 12
5972 2.541730 6.000000 15
5973 2.539188 6.000000 18
5974 2.536649 6.000000 19
5975 2.534113 6.000000 16
5976 2.531579 6.000000 18
5977 2.529047 6.000000 19
5978 2.526518 6.000000 15
5979 2.523992 6.000000 14
5980 2.521468 6.000000 24
5981 2.518946 6.000000 18
5982 2.516427 6.000000 15
5983 2.513911 6.000000 16
5984 2.511397 6.000000 11
5985 2.508886 6.000000 10
5986 2.506377 6.000000 23
5987 2.503870 6.000000 18
5988 2.501367 6.000000 20
5989 2.498865 6.000000 16
5990 2.496367 6.000000 18
5991 2.493870 6.000000 19
5992 2.491376 6.000000 20
5993 2.488885 6.000000 15
5994 2.486396 6.000000 14
5995 2.483910 6.000000 18
5996 2.481426 6.000000 13
5997 2.478945 6.000000 16
5998 2.476466 6.000000 15
5999 2.473989 6.000000 14
6000 2.471515 6.000000 21
6001 2.469044 6.000000 20
6002 2.466575 6.000000 16
6003 2.464108 6.000000 15
6004 2.461644 6.000000 20
6005 2.459183 6.000000 10
6006 2.456723 6.000000 17
6007 2.454267 6.000000 19
6008 2.451813 6.000000 11
6009 2.449361 6.000000 14
6010 2.446911 6.000000 21
6011 2.444464 6.000000 15
6012 2.442020 6.000000 17
6013 2.439578 6.000000 17
6014 2.437139 6.000000 10
6015 2.434701 6.000000 11
6016 2.432267 6.000000 11
6017 2.429834 6.000000 16
6018 2.427405 6.000000 10
6019 2.424977 6.000000 9
6020 2.422552 6.000000 15
6021 2.420130 6.000000 22
6022 2.417710 6.000000 13
6023 2.415292 6.000000 14
6024 2.412877 6.000000 19
6025 2.410464 6.000000 17
6026 2.408054 6.000000 20
6027 2.405646 6.000000 11
6028 2.403240 6.000000 19
6029 2.400837 6.000000 17
6030 2.398436 6.000000 10
6031 2.396037 6.000000 14
6032 2.393641 6.000000 17
6033 2.391248 6.000000 14
6034 2.388856 6.000000 14
6035 2.386468 6.000000 26
6036 2.384081 6.000000 14
6037 2.381697 6.000000 10
6038 2.379316 6.000000 12
6039 2.376937 6.000000 18
6040 2.374560 6.000000 16
6041 2.372185 6.000000 15
6042 2.369813 6.000000 13
6043 2.367443 6.000000 15
6044 2.365076 6.000000 15
6045 2.362711 6.000000 19
6046 2.360348 6.000000 15
6047 2.357988 6.000000 17
6048 2.355630 6.000000 13
6049 2.353274 6.000000 15
6050 2.350921 6.000000 11
6051 2.348570 6.000000 15
6052 2.346222 6.000000 16
6053 2.343875 6.000000 16
6054 2.341532 6.000000 17
6055 2.339190 6.000000 14
6056 2.336851 6.000000 13
6057 2.334514 6.000000 17
6058 2.332180 6.000000 17
6059 2.329847 6.000000 12
6060 2.327518 6.000000 11
6061 2.325190 6.000000 17
6062 2.322865 6.000000 11
6063 2.320542 6.000000 14
6064 2.318222 6.000000 15
6065 2.315903 6.000000 15
6066 2.313588 6.000000 18
6067 2.311274 6.000000 14
6068 2.308963 6.000000 12
6069 2.306654 6.000000 16
6070 2.304347 6.000000 18
6071 2.302043 6.000000 11
6072 2.299741 6.000000 14
6073 2.297441 6.000000 14
6074 2.295144 6.000000 13
6075 2.292849 6.000000 15
6076 2.290556 6.000000 14
6077 2.288265 6.000000 13
6078 2.285977 6.000000 13
6079 2.283691 6.000000 15
6080 2.281408 6.000000 13
6081 2.279126 6.000000 13
6082 2.276847 6.000000 17
6083 2.274570 6.000000 18
6084 2.272296 6.000000 16
6085 2.270023 6.000000 16
6086 2.267753 6.000000 14
6087 2.265486 6.000000 12
6088 2.263220 6.000000 11
6089 2.260957 6.000000 9
6090 2.258696 6.000000 12
6091 2.256437 6.000000 16
6092 2.254181 6.000000 15
6093 2.251926 6.000000 19
6094 2.249675 6.000000 14
6095 2.247425 6.000000 17
6096 2.245178 6.000000 15
6097 2.242932 6.000000 18
6098 2.240690 6.000000 15
6099 2.238449 6.000000 22
6100 2.236210 6.000000 11
6101 2.233974 6.000000 13
6102 2.231740 6.000000 10
6103 2.229509 6.000000 12
6104 2.227279 6.000000 10
6105 2.225052 6.000000 19
6106 2.222827 6.000000 15
6107 2.220604 6.000000 10
6108 2.218384 6.000000 14
6109 2.216165 6.000000 9
6110 2.213949 6.000000 11
6111 2.211735 6.000000 16
6112 2.209523 6.000000 15
6113 2.207314 6.000000 12
6114 2.205107 6.000000 20
6115 2.202902 6.000000 17
6116 2.200699 6.000000 12
6117 2.198498 6.000000 14
6118 2.196300 6.000000 18
6119 2.194103 6.000000 15
6120 2.191909 6.000000 13
6121 2.189717 6.000000 10
6122 2.187528 6.000000 13
6123 2.185340 6.000000 8
6124 2.183155 6.000000 16
6125 2.180972 6.000000 13
6126 2.178791 6.000000 15
6127 2.176612 6.000000 17
6128 2.174435 6.000000 12
6129 2.172261 6.000000 18
6130 2.170089 6.000000 9
6131 2.167919 6.000000 12
6132 2.165751 6.000000 14
6133 2.163585 6.000000 13
6134 2.161421 6.000000 16
6135 2.159260 6.000000 17
6136 2.157101 6.000000 13
6137 2.154944 6.000000 17
6138 2.152789 6.000000 11
6139 2.150636 6.000000 16
6140 2.148486 6.000000 11
6141 2.146337 6.000000 8
6142 2.144191 6.000000 14
6143 2.142047 6.000000 15
6144 2.139905 6.000000 16
6145 2.137765 6.000000 13
6146 2.135628 6.000000 14
6147 2.133492 6.000000 9
6148 2.131359 6.000000 12
6149 2.129227 6.000000 11
6150 2.127098 6.000000 13
6151 2.124971 6.000000 19
6152 2.122846 6.000000 10
6153 2.120723 6.000000 14
6154 2.118602 6.000000 18
6155 2.116484 6.000000 17
6156 2.114367 6.000000 19
6157 2.112253 6.000000 8
6158 2.110141 6.000000 13
6159 2.108031 6.000000 17
6160 2.105923 6.000000 11
6161 2.103817 6.000000 19
6162 2.101713 6.000000 13
6163 2.099611 6.000000 14
6164 2.097512 6.000000 10
6165 2.095414 6.000000 18
6166 2.093319 6.000000 15
6167 2.091226 6.000000 15
6168 2.089134 6.000000 13
6169 2.087045 6.000000 13
6170 2.084958 6.000000 14
6171 2.082873 6.000000 10
6172 2.080791 4.000000 7
6173 2.078710 4.000000 9
6174 2.076631 4.000000 9
6175 2.074554 4.000000 10
6176 2.072480 4.000000 18
6177 2.070408 4.000000 15
6178 2.068337 4.000000 13
6179 2.066269 4.000000 17
6180 2.064203 4.000000 13
6181 2.062139 4.000000 22
6182 2.060076 4.000000 14
6183 2.058017 4.000000 14
6184 2.055959 4.000000 14
6185 2.053903 4.000000 14
6186 2.051849 4.000000 14
6187 2.049797 4.000000 13
6188 2.047747 4.000000 11
6189 2.045699 4.000000 14
6190 2.043654 4.000000 6
6191 2.041610 4.000000 9
6192 2.039568 4.000000 12
6193 2.037529 4.000000 12
6194 2.035491 4.000000 14
6195 2.033456 4.000000 9
6196 2.031423 4.000000 13
6197 2.029391 4.000000 19
6198 2.027362 4.000000 15
6199 2.025335 4.000000 13
6200 2.023309 4.000000 15
6201 2.021286 4.000000 5
6202 2.019265 4.000000 11
6203 2.017246 4.000000 17
6204 2.015228 4.000000 11
6205 2.013213 4.000000 12
6206 2.011200 4.000000 16
6207 2.009189 4.000000 6
6208 2.007180 4.000000 14
6209 2.005172 4.000000 14
6210 2.003167 4.000000 17
6211 2.001164 4.000000 7
6212 1.999163 4.000000 11
6213 1.997164 4.000000 8
6214 1.995167 4.000000 15
6215 1.993172 4.000000 8
6216 1.991179 4.000000 16
6217 1.989187 4.000000 12
6218 1.987198 4.000000 13
6219 1.985211 4.000000 13
6220 1.983226 4.000000 14
6221 1.981243 4.000000 14
6222 1.979261 4.000000 18
6223 1.977282 4.000000 14
6224 1.975305 4.000000 13
6225 1.973330 4.000000 14
6226 1.971356 4.000000 13
6227 1.969385 4.000000 11
6228 1.967416 4.000000 8
6229 1.965448 4.000000 15
6230 1.963483 4.000000 13
6231 1.961519 4.000000 11
6232 1.959558 4.000000 20
6233 1.957598 4.000000 14
6234 1.955641 4.000000 13
6235 1.953685 4.000000 12
6236 1.951732 4.000000 15
6237 1.949780 4.000000 13
6238 1.947830 4.000000 18
6239 1.945882 4.000000 9
6240 1.943936 4.000000 15
6241 1.941993 4.000000 10
6242 1.940051 4.000000 12
6243 1.938111 4.000000 14
6244 1.936172 4.000000 12
6245 1.934236 4.000000 13
6246 1.932302 4.000000 14
6247 1.930370 4.000000 18
6248 1.928439 4.000000 10
6249 1.926511 4.000000 11
6250 1.924585 4.000000 12
6251 1.922660 4.000000 9
6252 1.920737 4.000000 22
6253 1.918817 4.000000 17
6254 1.916898 4.000000 12
6255 1.914981 4.000000 13
6256 1.913066 4.000000 11
6257 1.911153 4.000000 12
6258 1.909242 4.000000 13
6259 1.907333 4.000000 7
6260 1.905425 4.000000 13
6261 1.903520 4.000000 12
6262 1.901616 4.000000 11
6263 1.899715 4.000000 6
6264 1.897815 4.000000 12
6265 1.895917 4.000000 15
6266 1.894021 4.000000 16
6267 1.892127 4.000000 7
6268 1.890235 4.000000 12
6269 1.888345 4.000000 15
6270 1.886457 4.000000 13
6271 1.884570 4.000000 13
6272 1.882686 4.000000 17
6273 1.880803 4.000000 9
6274 1.878922 4.000000 10
6275 1.877043 4.000000 16
6276 1.875166 4.000000 16
6277 1.873291 4.000000 14
6278 1.871418 4.000000 5
6279 1.869546 4.000000 13
6280 1.867677 4.000000 9
6281 1.865809 4.000000 11
6282 1.863943 4.000000 9
6283 1.862080 4.000000 12
6284 1.860217 4.000000 15
6285 1.858357 4.000000 11
6286 1.856499 4.000000 12
6287 1.854643 4.000000 12
6288 1.852788 4.000000 13
6289 1.850935 4.000000 9
6290 1.849084 4.000000 10
6291 1.847235 4.000000 13
6292 1.845388 4.000000 9
6293 1.843542 4.000000 12
6294 1.841699 4.000000 12
6295 1.839857 4.000000 11
6296 1.838017 4.000000 13
6297 1.836179 4.000000 9
6298 1.834343 4.000000 9
6299 1.832509 4.000000 12
6300 1.830676 4.000000 14
6301 1.828846 4.000000 8
6302 1.827017 4.000000 10
6303 1.825190 4.000000 12
6304 1.823365 4.000000 17
6305 1.821541 4.000000 16
6306 1.819720 4.000000 11
6307 1.817900 4.000000 9
6308 1.816082 4.000000 14
6309 1.814266 4.000000 9
6310 1.812452 4.000000 14
6311 1.810640 4.000000 12
6312 1.808829 4.000000 14
6313 1.807020 4.000000 16
6314 1.805213 4.000000 11
6315 1.803408 4.000000 10
6316 1.801605 4.000000 15
6317 1.799803 4.000000 9
6318 1.798003 4.000000 13
6319 1.796205 4.000000 10
6320 1.794409 4.000000 12
6321 1.792615 4.000000 10
6322 1.790822 4.000000 7
6323 1.789031 4.000000 9
6324 1.787242 4.000000 11
6325 1.785455 4.000000 10
6326 1.783670 4.000000 11
6327 1.781886 4.000000 8
6328 1.780104 4.000000 11
6329 1.778324 4.000000 8
6330 1.776546 4.000000 10
6331 1.774770 4.000000 17
6332 1.772995 4.000000 13
6333 1.771222 4.000000 12
6334 1.769451 4.000000 10
6335 1.767681 4.000000 10
6336 1.765913 4.000000 10
6337 1.764148 4.000000 10
6338 1.762383 4.000000 7
6339 1.760621 4.000000 12
6340 1.758860 4.000000 11
6341 1.757102 4.000000 12
6342 1.755345 4.000000 9
6343 1.753589 4.000000 12
6344 1.751836 4.000000 11
6345 1.750084 4.000000 13
6346 1.748334 4.000000 10
6347 1.746585 4.000000 9
6348 1.744839 4.000000 12
6349 1.743094 4.000000 5
6350 1.741351 4.000000 6
6351 1.739610 4.000000 22
6352 1.737870 4.000000 12
6353 1.736132 4.000000 10
6354 1.734396 4.000000 9
6355 1.732662 4.000000 10
6356 1.730929 4.000000 12
6357 1.729198 4.000000 11
6358 1.727469 4.000000 5
6359 1.725742 4.000000 14
6360 1.724016 4.000000 11
6361 1.722292 4.000000 9
6362 1.720570 4.000000 11
6363 1.718849 4.000000 11
6364 1.717130 4.000000 6
6365 1.715413 4.000000 13
6366 1.713698 4.000000 9
6367 1.711984 4.000000 11
6368 1.710272 4.000000 13
6369 1.708562 4.000000 12
6370 1.706853 4.000000 14
6371 1.705147 4.000000 11
6372 1.703441 4.000000 10
6373 1.701738 4.000000 10
6374 1.700036 4.000000 13
6375 1.698336 4.000000 7
6376 1.696638 4.000000 9
6377 1.694941 4.000000 12
6378 1.693246 4.000000 18
6379 1.691553 4.000000 12
6380 1.689862 4.000000 10
6381 1.688172 4.000000 10
6382 1.686484 4.000000 4
6383 1.684797 4.000000 8
6384 1.683113 4.000000 7
6385 1.681429 4.000000 9
6386 1.679748 4.000000 6
6387 1.678068 4.000000 8
6388 1.676390 4.000000 8
6389 1.674714 4.000000 14
6390 1.673039 4.000000 7
6391 1.671366 4.000000 7
6392 1.669695 4.000000 13
6393 1.668025 4.000000 10
6394 1.666357 4.000000 7
6395 1.664691 4.000000 6
6396 1.663026 4.000000 6
6397 1.661363 4.000000 10
6398 1.659702 4.000000 8
6399 1.658042 4.000000 10
6400 1.656384 4.000000 9
6401 1.654728 4.000000 10
6402 1.653073 4.000000 13
6403 1.651420 4.000000 6
6404 1.649769 4.000000 9
6405 1.648119 4.000000 7
6406 1.646471 4.000000 9
6407 1.644825 4.000000 4
6408 1.643180 4.000000 12
6409 1.641537 4.000000 10
6410 1.639895 4.000000 7
6411 1.638255 4.000000 10
6412 1.636617 4.000000 9
6413 1.634980 4.000000 7
6414 1.633345 4.000000 12
6415 1.631712 4.000000 15
6416 1.630080 4.000000 4
6417 1.628450 4.000000 15
6418 1.626822 4.000000 9
6419 1.625195 4.000000 9
6420 1.623570 4.000000 9
6421 1.621946 4.000000 10
6422 1.620324 4.000000 11
6423 1.618704 4.000000 9
6424 1.617085 4.000000 10
6425 1.615468 4.000000 10
6426 1.613853 4.000000 14
6427 1.612239 4.000000 8
6428 1.610627 4.000000 11
6429 1.609016 4.000000 11
6430 1.607407 4.000000 10
6431 1.605800 4.000000 14
6432 1.604194 4.000000 9
6433 1.602590 4.000000 10
6434 1.600987 4.000000 8
6435 1.599386 4.000000 6
6436 1.597787 4.000000 12
6437 1.596189 4.000000 7
6438 1.594593 4.000000 10
6439 1.592999 4.000000 8
6440 1.591406 4.000000 6
6441 1.589814 4.000000 9
6442 1.588224 4.000000 12
6443 1.586636 4.000000 11
6444 1.585050 4.000000 7
6445 1.583465 4.000000 10
6446 1.581881 4.000000 8
6447 1.580299 4.000000 9
6448 1.578719 4.000000 4
6449 1.577140 4.000000 10
6450 1.575563 4.000000 8
6451 1.573988 4.000000 9
6452 1.572414 4.000000 8
6453 1.570841 4.000000 13
6454 1.569270 4.000000 8
6455 1.567701 4.000000 6
6456 1.566133 4.000000 5
6457 1.564567 4.000000 10
6458 1.563003 4.000000 11
6459 1.561440 4.000000 5
6460 1.559878 4.000000 12
6461 1.558319 4.000000 11
6462 1.556760 4.000000 7
6463 1.555204 4.000000 9
6464 1.553648 4.000000 7
6465 1.552095 4.000000 5
6466 1.550543 4.000000 7
6467 1.548992 4.000000 11
6468 1.547443 4.000000 10
6469 1.545896 4.000000 3
6470 1.544350 4.000000 13
6471 1.542805 4.000000 8
6472 1.541263 4.000000 8
6473 1.539721 4.000000 10
6474 1.538182 4.000000 11
6475 1.536643 4.000000 10
6476 1.535107 4.000000 10
6477 1.533572 4.000000 8
6478 1.532038 4.000000 10
6479 1.530506 4.000000 10
6480 1.528976 4.000000 4
6481 1.527447 4.000000 5
6482 1.525919 4.000000 9
6483 1.524393 4.000000 8
6484 1.522869 4.000000 11
6485 1.521346 4.000000 6
6486 1.519825 4.000000 9
6487 1.518305 4.000000 9
6488 1.516787 4.000000 3
6489 1.515270 4.000000 8
6490 1.513755 4.000000 8
6491 1.512241 4.000000 3
6492 1.510729 4.000000 10
6493 1.509218 4.000000 5
6494 1.507709 4.000000 9
6495 1.506201 4.000000 1
6496 1.504695 4.000000 12
6497 1.503190 4.000000 11
6498 1.501687 4.000000 6
6499 1.500185 2.000000 7
6500 1.498685 2.000000 8
6501 1.497187 2.000000 10
6502 1.495689 2.000000 5
6503 1.494194 2.000000 8
6504 1.492700 2.000000 12
6505 1.491207 2.000000 9
6506 1.489716 2.000000 6
6507 1.488226 2.000000 11
6508 1.486738 2.000000 7
6509 1.485251 2.000000 4
6510 1.483766 2.000000 8
6511 1.482282 2.000000 8
6512 1.480800 2.000000 6
6513 1.479319 2.000000 4
6514 1.477840 2.000000 7
6515 1.476362 2.000000 8
6516 1.474886 2.000000 5
6517 1.473411 2.000000 10
6518 1.471937 2.000000 11
6519 1.470465 2.000000 9
6520 1.468995 2.000000 11
6521 1.467526 2.000000 14
6522 1.466058 2.000000 7
6523 1.464592 2.000000 8
6524 1.463128 2.000000 8
6525 1.461665 2.000000 7
6526 1.460203 2.000000 7
6527 1.458743 2.000000 9
6528 1.457284 2.000000 8
6529 1.455827 2.000000 6
6530 1.454371 2.000000 9
6531 1.452917 2.000000 8
6532 1.451464 2.000000 10
6533 1.450012 2.000000 7
6534 1.448563 2.000000 7
6535 1.447114 2.000000 6
6536 1.445667 2.000000 11
6537 1.444221 2.000000 10
6538 1.442777 2.000000 6
6539 1.441334 2.000000 5
6540 1.439893 2.000000 6
6541 1.438453 2.000000 9
6542 1.437015 2.000000 11
6543 1.435578 2.000000 9
6544 1.434142 2.000000 12
6545 1.432708 2.000000 7
6546 1.431275 2.000000 9
6547 1.429844 2.000000 7
6548 1.428414 2.000000 8
6549 1.426986 2.000000 8
6550 1.425559 2.000000 8
6551 1.424134 2.000000 12
6552 1.422709 2.000000 8
6553 1.421287 2.000000 4
6554 1.419866 2.000000 7
6555 1.418446 2.000000 7
6556 1.417027 2.000000 8
6557 1.415610 2.000000 2
6558 1.414195 2.000000 2
6559 1.412780 2.000000 10
6560 1.411368 2.000000 9
6561 1.409956 2.000000 11
6562 1.408546 2.000000 11
6563 1.407138 2.000000 8
6564 1.405731 2.000000 10
6565 1.404325 2.000000 7
6566 1.402921 2.000000 6
6567 1.401518 2.000000 8
6568 1.400116 2.000000 13
6569 1.398716 2.000000 7
6570 1.397318 2.000000 5
6571 1.395920 2.000000 7
6572 1.394524 2.000000 13
6573 1.393130 2.000000 6
6574 1.391737 2.000000 10
6575 1.390345 2.000000 4
6576 1.388955 2.000000 5
6577 1.387566 2.000000 5
6578 1.386178 2.000000 10
6579 1.384792 2.000000 8
6580 1.383407 2.000000 6
6581 1.382024 2.000000 8
6582 1.380642 2.000000 8
6583 1.379261 2.000000 7
6584 1.377882 2.000000 8
6585 1.376504 2.000000 9
6586 1.375128 2.000000 11
6587 1.373752 2.000000 11
6588 1.372379 2.000000 9
6589 1.371006 2.000000 7
6590 1.369635 2.000000 8
6591 1.368266 2.000000 8
6592 1.366897 2.000000 8
6593 1.365531 2.000000 7
6594 1.364165 2.000000 2
6595 1.362801 2.000000 5
6596 1.361438 2.000000 6
6597 1.360077 2.000000 7
6598 1.358717 2.000000 7
6599 1.357358 2.000000 12
6600 1.356001 2.000000 9
6601 1.354645 2.000000 8
6602 1.353290 2.000000 14
6603 1.351937 2.000000 9
6604 1.350585 2.000000 10
6605 1.349234 2.000000 9
6606 1.347885 2.000000 5
6607 1.346537 2.000000 4
6608 1.345191 2.000000 10
6609 1.343846 2.000000 3
6610 1.342502 2.000000 6
6611 1.341159 2.000000 9
6612 1.339818 2.000000 4
6613 1.338478 2.000000 6
6614 1.337140 2.000000 5
6615 1.335803 2.000000 4
6616 1.334467 2.000000 8
6617 1.333133 2.000000 5
6618 1.331799 2.000000 12
6619 1.330468 2.000000 8
6620 1.329137 2.000000 6
6621 1.327808 2.000000 10
6622 1.326480 2.000000 9
6623 1.325154 2.000000 7
6624 1.323829 2.000000 9
6625 1.322505 2.000000 6
6626 1.321182 2.000000 5
6627 1.319861 2.000000 8
6628 1.318541 2.000000 11
6629 1.317223 2.000000 6
6630 1.315905 2.000000 5
6631 1.314590 2.000000 6
6632 1.313275 2.000000 7
6633 1.311962 2.000000 7
6634 1.310650 2.000000 7
6635 1.309339 2.000000 9
6636 1.308030 2.000000 9
6637 1.306722 2.000000 6
6638 1.305416 2.000000 8
6639 1.304110 2.000000 7
6640 1.302806 2.000000 4
6641 1.301503 2.000000 7
6642 1.300202 2.000000 5
6643 1.298901 2.000000 6
6644 1.297603 2.000000 7
6645 1.296305 2.000000 12
6646 1.295009 2.000000 2
6647 1.293714 2.000000 8
6648 1.292420 2.000000 4
6649 1.291128 2.000000 11
6650 1.289837 2.000000 8
6651 1.288547 2.000000 8
6652 1.287258 2.000000 2
6653 1.285971 2.000000 3
6654 1.284685 2.000000 7
6655 1.283400 2.000000 4
6656 1.282117 2.000000 3
6657 1.280835 2.000000 3
6658 1.279554 2.000000 4
6659 1.278274 2.000000 6
6660 1.276996 2.000000 10
6661 1.275719 2.000000 6
6662 1.274444 2.000000 7
6663 1.273169 2.000000 4
6664 1.271896 2.000000 8
6665 1.270624 2.000000 7
6666 1.269353 2.000000 1
6667 1.268084 2.000000 12
6668 1.266816 2.000000 8
6669 1.265549 2.000000 10
6670 1.264284 2.000000 8
6671 1.263019 2.000000 5
6672 1.261756 2.000000 6
6673 1.260495 2.000000 7
6674 1.259234 2.000000 5
6675 1.257975 2.000000 2
6676 1.256717 2.000000 10
6677 1.255460 2.000000 11
6678 1.254205 2.000000 5
6679 1.252951 2.000000 3
6680 1.251698 2.000000 7
6681 1.250446 2.000000 7
6682 1.249196 2.000000 7
6683 1.247947 2.000000 4
6684 1.246699 2.000000 3
6685 1.245452 2.000000 7
6686 1.244207 2.000000 10
6687 1.242962 2.000000 6
6688 1.241719 2.000000 6
6689 1.240478 2.000000 9
6690 1.239237 2.000000 5
6691 1.237998 2.000000 11
6692 1.236760 2.000000 7
6693 1.235523 2.000000 8
6694 1.234288 2.000000 3
6695 1.233053 2.000000 8
6696 1.231820 2.000000 6
6697 1.230589 2.000000 7
6698 1.229358 2.000000 7
6699 1.228129 2.000000 4
6700 1.226901 2.000000 4
6701 1.225674 2.000000 6
6702 1.224448 2.000000 3
6703 1.223224 2.000000 6
6704 1.222000 2.000000 6
6705 1.220778 2.000000 8
6706 1.219558 2.000000 4
6707 1.218338 2.000000 3
6708 1.217120 2.000000 4
6709 1.215903 2.000000 7
6710 1.214687 2.000000 3
6711 1.213472 2.000000 7
6712 1.212259 2.000000 9
6713 1.211046 2.000000 5
6714 1.209835 2.000000 5
6715 1.208626 2.000000 8
6716 1.207417 2.000000 5
6717 1.206210 2.000000 6
6718 1.205003 2.000000 3
6719 1.203798 2.000000 7
6720 1.202595 2.000000 3
6721 1.201392 2.000000 3
6722 1.200191 2.000000 2
6723 1.198990 2.000000 5
6724 1.197791 2.000000 7
6725 1.196594 2.000000 2
6726 1.195397 2.000000 6
6727 1.194202 2.000000 5
6728 1.193007 2.000000 6
6729 1.191814 2.000000 7
6730 1.190622 2.000000 7
6731 1.189432 2.000000 6
6732 1.188242 2.000000 8
6733 1.187054 2.000000 8
6734 1.185867 2.000000 7
6735 1.184681 2.000000 6
6736 1.183496 2.000000 4
6737 1.182313 2.000000 12
6738 1.181131 2.000000 8
6739 1.179949 2.000000 0
6740 1.178769 2.000000 7
6741 1.177591 2.000000 3
6742 1.176413 2.000000 5
6743 1.175237 2.000000 6
6744 1.174062 2.000000 6
6745 1.172888 2.000000 5
6746 1.171715 2.000000 4
6747 1.170543 2.000000 8
6748 1.169372 2.000000 6
6749 1.168203 2.000000 3
6750 1.167035 2.000000 6
6751 1.165868 2.000000 4
6752 1.164702 2.000000 3
6753 1.163537 2.000000 3
6754 1.162374 2.000000 7
6755 1.161211 2.000000 3
6756 1.160050 2.000000 4
6757 1.158890 2.000000 2
6758 1.157731 2.000000 5
6759 1.156574 2.000000 6
6760 1.155417 2.000000 1
6761 1.154262 2.000000 9
6762 1.153107 2.000000 6
6763 1.151954 2.000000 5
6764 1.150802 2.000000 7
6765 1.149652 2.000000 3
6766 1.148502 2.000000 11
6767 1.147353 2.000000 4
6768 1.146206 2.000000 7
6769 1.145060 2.000000 1
6770 1.143915 2.000000 1
6771 1.142771 2.000000 3
6772 1.141628 2.000000 4
6773 1.140486 2.000000 5
6774 1.139346 2.000000 3
6775 1.138207 2.000000 3
6776 1.137069 2.000000 6
6777 1.135931 2.000000 7
6778 1.134796 2.000000 8
6779 1.133661 2.000000 6
6780 1.132527 2.000000 3
6781 1.131395 2.000000 3
6782 1.130263 2.000000 5
6783 1.129133 2.000000 8
6784 1.128004 2.000000 5
6785 1.126876 2.000000 5
6786 1.125749 2.000000 9
6787 1.124623 2.000000 5
6788 1.123499 2.000000 4
6789 1.122375 2.000000 3
6790 1.121253 2.000000 4
6791 1.120132 2.000000 7
6792 1.119012 2.000000 10
6793 1.117893 2.000000 4
6794 1.116775 2.000000 4
6795 1.115658 2.000000 2
6796 1.114542 2.000000 1
6797 1.113428 2.000000 8
6798 1.112314 2.000000 7
6799 1.111202 2.000000 7
6800 1.110091 2.000000 2
6801 1.108981 2.000000 1
6802 1.107872 2.000000 2
6803 1.106764 2.000000 3
6804 1.105657 2.000000 4
6805 1.104552 2.000000 3
6806 1.103447 2.000000 7
6807 1.102344 2.000000 5
6808 1.101241 2.000000 5
6809 1.100140 2.000000 4
6810 1.099040 2.000000 2
6811 1.097941 2.000000 5
6812 1.096843 2.000000 1
6813 1.095746 2.000000 5
6814 1.094650 2.000000 1
6815 1.093556 2.000000 2
6816 1.092462 2.000000 9
6817 1.091370 2.000000 6
6818 1.090278 2.000000 3
6819 1.089188 2.000000 7
6820 1.088099 2.000000 8
6821 1.087011 2.000000 3
6822 1.085924 2.000000 5
6823 1.084838 2.000000 4
6824 1.083753 2.000000 2
6825 1.082669 2.000000 1
6826 1.081587 2.000000 5
6827 1.080505 2.000000 8
6828 1.079425 2.000000 4
6829 1.078345 2.000000 6
6830 1.077267 2.000000 4
6831 1.076190 2.000000 4
6832 1.075113 2.000000 5
6833 1.074038 2.000000 3
6834 1.072964 2.000000 3
6835 1.071891 2.000000 4
6836 1.070819 2.000000 3
6837 1.069748 2.000000 2
6838 1.068678 2.000000 3
6839 1.067610 2.000000 6
6840 1.066542 2.000000 6
6841 1.065476 2.000000 3
6842 1.064410 2.000000 5
6843 1.063346 2.000000 3
6844 1.062282 2.000000 6
6845 1.061220 2.000000 5
6846 1.060159 2.000000 3
6847 1.059099 2.000000 3
6848 1.058040 2.000000 4
6849 1.056982 2.000000 7
6850 1.055925 2.000000 5
6851 1.054869 2.000000 2
6852 1.053814 2.000000 4
6853 1.052760 2.000000 5
6854 1.051707 2.000000 2
6855 1.050656 2.000000 7
6856 1.049605 2.000000 5
6857 1.048555 2.000000 3
6858 1.047507 2.000000 4
6859 1.046459 2.000000 3
6860 1.045413 2.000000 3
6861 1.044368 2.000000 6
6862 1.043323 2.000000 2
6863 1.042280 2.000000 2
6864 1.041238 2.000000 3
6865 1.040197 2.000000 5
6866 1.039156 2.000000 1
6867 1.038117 2.000000 4
6868 1.037079 2.000000 3
6869 1.036042 2.000000 5
6870 1.035006 2.000000 5
6871 1.033971 2.000000 4
6872 1.032937 2.000000 2
6873 1.031904 2.000000 2
6874 1.030872 2.000000 3
6875 1.029841 2.000000 3
6876 1.028812 2.000000 8
6877 1.027783 2.000000 4
6878 1.026755 2.000000 3
6879 1.025728 2.000000 6
6880 1.024703 2.000000 4
6881 1.023678 2.000000 1
6882 1.022654 2.000000 4
6883 1.021631 2.000000 5
6884 1.020610 2.000000 4
6885 1.019589 2.000000 2
6886 1.018570 2.000000 5
6887 1.017551 2.000000 1
6888 1.016534 2.000000 2
6889 1.015517 2.000000 4
6890 1.014502 2.000000 4
6891 1.013487 2.000000 2
6892 1.012474 2.000000 6
6893 1.011461 2.000000 4
6894 1.010450 2.000000 2
6895 1.009439 2.000000 5
6896 1.008430 2.000000 2
6897 1.007421 2.000000 5
6898 1.006414 2.000000 5
6899 1.005408 2.000000 7
6900 1.004402 2.000000 4
6901 1.003398 2.000000 3
6902 1.002394 2.000000 3
6903 1.001392 2.000000 1
6904 1.000391 2.000000 1
6905 0.999390 2.000000 2
6906 0.998391 2.000000 3
6907 0.997392 2.000000 6
6908 0.996395 2.000000 2
6909 0.995399 2.000000 3
6910 0.994403 2.000000 7
6911 0.993409 2.000000 2
6912 0.992416 2.000000 3
6913 0.991423 2.000000 6
6914 0.990432 2.000000 0
6915 0.989441 2.000000 4
6916 0.988452 2.000000 4
6917 0.987463 2.000000 7
6918 0.986476 2.000000 2
6919 0.985490 2.000000 7
6920 0.984504 2.000000 4
6921 0.983520 2.000000 2
6922 0.982536 2.000000 3
6923 0.981553 2.000000 4
6924 0.980572 2.000000 2
6925 0.979591 2.000000 2
6926 0.978612 2.000000 1
6927 0.977633 2.000000 2
6928 0.976656 2.000000 0
6929 0.975679 2.000000 2
6930 0.974703 2.000000 6
6931 0.973729 2.000000 5
6932 0.972755 2.000000 2
6933 0.971782 2.000000 0
6934 0.970810 2.000000 5
6935 0.969840 2.000000 2
6936 0.968870 2.000000 4
6937 0.967901 2.000000 2
6938 0.966933 2.000000 2
6939 0.965966 2.000000 5
6940 0.965000 2.000000 4
6941 0.964035 2.000000 1
6942 0.963071 2.000000 2
6943 0.962108 2.000000 2
6944 0.961146 2.000000 3
6945 0.960185 2.000000 4
6946 0.959225 2.000000 7
6947 0.958265 2.000000 1
6948 0.957307 2.000000 5
6949 0.956350 2.000000 6
6950 0.955393 2.000000 3
6951 0.954438 2.000000 3
6952 0.953484 2.000000 4
6953 0.952530 2.000000 4
6954 0.951578 2.000000 2
6955 0.950626 2.000000 4
6956 0.949675 2.000000 3
6957 0.948726 2.000000 2
6958 0.947777 2.000000 2
6959 0.946829 2.000000 4
6960 0.945882 2.000000 3
6961 0.944937 2.000000 0
6962 0.943992 2.000000 4
6963 0.943048 2.000000 6
6964 0.942105 2.000000 0
6965 0.941162 2.000000 1
6966 0.940221 2.000000 2
6967 0.939281 2.000000 5
6968 0.938342 2.000000 0
6969 0.937404 2.000000 4
6970 0.936466 2.000000 4
6971 0.935530 2.000000 2
6972 0.934594 2.000000 1
6973 0.933660 2.000000 2
6974 0.932726 2.000000 3
6975 0.931793 2.000000 4
6976 0.930861 2.000000 1
6977 0.929931 2.000000 0
6978 0.929001 2.000000 1
6979 0.928072 2.000000 4
6980 0.927144 2.000000 3
6981 0.926216 2.000000 0
6982 0.925290 0.000000 0
